,period,possible_days,booking_days_lc,booking_days_all,occupancy_rate_lc,occupancy_rate_all
0,2020-01-01,817.0,16.0,161.0,1.96,19.71
1,2020-01-02,819.0,15.0,157.0,1.83,19.17
2,2020-01-03,819.0,13.0,148.0,1.59,18.07
3,2020-01-04,819.0,7.0,99.0,0.85,12.09
4,2020-01-05,819.0,4.0,90.0,0.49,10.99
5,2020-01-06,820.0,4.0,90.0,0.49,10.98
6,2020-01-07,820.0,4.0,90.0,0.49,10.98
7,2020-01-08,820.0,4.0,89.0,0.49,10.85
8,2020-01-09,821.0,4.0,91.0,0.49,11.08
9,2020-01-10,821.0,4.0,96.0,0.49,11.69
10,2020-01-11,821.0,1.0,95.0,0.12,11.57
11,2020-01-12,821.0,2.0,103.0,0.24,12.55
12,2020-01-13,824.0,2.0,103.0,0.24,12.5
13,2020-01-14,824.0,2.0,101.0,0.24,12.26
14,2020-01-15,825.0,2.0,101.0,0.24,12.24
15,2020-01-16,825.0,3.0,101.0,0.36,12.24
16,2020-01-17,825.0,4.0,103.0,0.48,12.48
17,2020-01-18,825.0,6.0,104.0,0.73,12.61
18,2020-01-19,825.0,4.0,107.0,0.48,12.97
19,2020-01-20,826.0,4.0,103.0,0.48,12.47
20,2020-01-21,826.0,3.0,103.0,0.36,12.47
21,2020-01-22,826.0,3.0,103.0,0.36,12.47
22,2020-01-23,826.0,3.0,109.0,0.36,13.2
23,2020-01-24,829.0,3.0,108.0,0.36,13.03
24,2020-01-25,829.0,2.0,129.0,0.24,15.56
25,2020-01-26,829.0,3.0,131.0,0.36,15.8
26,2020-01-27,833.0,3.0,132.0,0.36,15.85
27,2020-01-28,833.0,2.0,133.0,0.24,15.97
28,2020-01-29,834.0,2.0,135.0,0.24,16.19
29,2020-01-30,834.0,3.0,143.0,0.36,17.15
30,2020-01-31,835.0,3.0,144.0,0.36,17.25
31,2020-02-01,835.0,4.0,155.0,0.48,18.56
32,2020-02-02,835.0,3.0,160.0,0.36,19.16
33,2020-02-03,836.0,3.0,158.0,0.36,18.9
34,2020-02-04,836.0,3.0,153.0,0.36,18.3
35,2020-02-05,836.0,4.0,160.0,0.48,19.14
36,2020-02-06,837.0,4.0,159.0,0.48,19.0
37,2020-02-07,838.0,5.0,162.0,0.6,19.33
38,2020-02-08,838.0,5.0,158.0,0.6,18.85
39,2020-02-09,838.0,4.0,157.0,0.48,18.74
40,2020-02-10,838.0,4.0,157.0,0.48,18.74
41,2020-02-11,841.0,4.0,158.0,0.48,18.79
42,2020-02-12,842.0,4.0,159.0,0.48,18.88
43,2020-02-13,842.0,4.0,161.0,0.48,19.12
44,2020-02-14,843.0,4.0,165.0,0.47,19.57
45,2020-02-15,844.0,7.0,200.0,0.83,23.7
46,2020-02-16,845.0,8.0,215.0,0.95,25.44
47,2020-02-17,845.0,8.0,215.0,0.95,25.44
48,2020-02-18,851.0,8.0,216.0,0.94,25.38
49,2020-02-19,852.0,8.0,215.0,0.94,25.23
50,2020-02-20,852.0,8.0,214.0,0.94,25.12
51,2020-02-21,853.0,8.0,213.0,0.94,24.97
52,2020-02-22,853.0,6.0,195.0,0.7,22.86
53,2020-02-23,853.0,4.0,174.0,0.47,20.4
54,2020-02-24,854.0,4.0,177.0,0.47,20.73
55,2020-02-25,854.0,5.0,179.0,0.59,20.96
56,2020-02-26,857.0,5.0,183.0,0.58,21.35
57,2020-02-27,857.0,5.0,184.0,0.58,21.47
58,2020-02-28,858.0,6.0,184.0,0.7,21.45
59,2020-02-29,858.0,3.0,162.0,0.35,18.88
60,2020-03-01,858.0,4.0,157.0,0.47,18.3
61,2020-03-02,858.0,3.0,157.0,0.35,18.3
62,2020-03-03,858.0,3.0,159.0,0.35,18.53
63,2020-03-04,860.0,3.0,160.0,0.35,18.6
64,2020-03-05,861.0,3.0,162.0,0.35,18.82
65,2020-03-06,861.0,3.0,163.0,0.35,18.93
66,2020-03-07,861.0,2.0,172.0,0.23,19.98
67,2020-03-08,861.0,1.0,162.0,0.12,18.82
68,2020-03-09,861.0,1.0,162.0,0.12,18.82
69,2020-03-10,861.0,1.0,161.0,0.12,18.7
70,2020-03-11,861.0,1.0,162.0,0.12,18.82
71,2020-03-12,861.0,2.0,165.0,0.23,19.16
72,2020-03-13,861.0,2.0,166.0,0.23,19.28
73,2020-03-14,861.0,1.0,168.0,0.12,19.51
74,2020-03-15,861.0,3.0,172.0,0.35,19.98
75,2020-03-16,861.0,7.0,194.0,0.81,22.53
76,2020-03-17,861.0,9.0,201.0,1.05,23.34
77,2020-03-18,861.0,9.0,200.0,1.05,23.23
78,2020-03-19,861.0,9.0,199.0,1.05,23.11
79,2020-03-20,861.0,10.0,202.0,1.16,23.46
80,2020-03-21,861.0,10.0,199.0,1.16,23.11
81,2020-03-22,861.0,10.0,201.0,1.16,23.34
82,2020-03-23,861.0,10.0,199.0,1.16,23.11
83,2020-03-24,861.0,10.0,197.0,1.16,22.88
84,2020-03-25,861.0,11.0,195.0,1.28,22.65
85,2020-03-26,861.0,11.0,196.0,1.28,22.76
86,2020-03-27,861.0,10.0,198.0,1.16,23.0
87,2020-03-28,861.0,10.0,190.0,1.16,22.07
88,2020-03-29,861.0,10.0,186.0,1.16,21.6
89,2020-03-30,861.0,10.0,186.0,1.16,21.6
90,2020-03-31,861.0,10.0,180.0,1.16,20.91
91,2020-04-01,861.0,10.0,198.0,1.16,23.0
92,2020-04-02,861.0,10.0,198.0,1.16,23.0
93,2020-04-03,861.0,10.0,201.0,1.16,23.34
94,2020-04-04,861.0,10.0,211.0,1.16,24.51
95,2020-04-05,861.0,11.0,210.0,1.28,24.39
96,2020-04-06,861.0,11.0,212.0,1.28,24.62
97,2020-04-07,861.0,11.0,215.0,1.28,24.97
98,2020-04-08,861.0,11.0,215.0,1.28,24.97
99,2020-04-09,861.0,11.0,218.0,1.28,25.32
100,2020-04-10,861.0,11.0,217.0,1.28,25.2
101,2020-04-11,861.0,12.0,218.0,1.39,25.32
102,2020-04-12,861.0,11.0,213.0,1.28,24.74
103,2020-04-13,862.0,9.0,202.0,1.04,23.43
104,2020-04-14,863.0,9.0,202.0,1.04,23.41
105,2020-04-15,863.0,9.0,196.0,1.04,22.71
106,2020-04-16,863.0,9.0,202.0,1.04,23.41
107,2020-04-17,863.0,9.0,203.0,1.04,23.52
108,2020-04-18,863.0,8.0,191.0,0.93,22.13
109,2020-04-19,863.0,7.0,172.0,0.81,19.93
110,2020-04-20,865.0,7.0,171.0,0.81,19.77
111,2020-04-21,866.0,7.0,171.0,0.81,19.75
112,2020-04-22,866.0,7.0,174.0,0.81,20.09
113,2020-04-23,866.0,7.0,173.0,0.81,19.98
114,2020-04-24,867.0,7.0,176.0,0.81,20.3
115,2020-04-25,867.0,7.0,154.0,0.81,17.76
116,2020-04-26,867.0,6.0,148.0,0.69,17.07
117,2020-04-27,867.0,6.0,150.0,0.69,17.3
118,2020-04-28,867.0,6.0,149.0,0.69,17.19
119,2020-04-29,869.0,6.0,150.0,0.69,17.26
120,2020-04-30,869.0,5.0,135.0,0.58,15.54
121,2020-05-01,871.0,5.0,147.0,0.57,16.88
122,2020-05-02,871.0,5.0,147.0,0.57,16.88
123,2020-05-03,871.0,5.0,143.0,0.57,16.42
124,2020-05-04,871.0,5.0,141.0,0.57,16.19
125,2020-05-05,871.0,5.0,142.0,0.57,16.3
126,2020-05-06,871.0,5.0,145.0,0.57,16.65
127,2020-05-07,872.0,5.0,147.0,0.57,16.86
128,2020-05-08,872.0,5.0,149.0,0.57,17.09
129,2020-05-09,872.0,5.0,148.0,0.57,16.97
130,2020-05-10,872.0,4.0,142.0,0.46,16.28
131,2020-05-11,873.0,2.0,130.0,0.23,14.89
132,2020-05-12,873.0,2.0,130.0,0.23,14.89
133,2020-05-13,873.0,2.0,136.0,0.23,15.58
134,2020-05-14,873.0,3.0,139.0,0.34,15.92
135,2020-05-15,873.0,3.0,139.0,0.34,15.92
136,2020-05-16,873.0,3.0,136.0,0.34,15.58
137,2020-05-17,873.0,2.0,134.0,0.23,15.35
138,2020-05-18,874.0,2.0,136.0,0.23,15.56
139,2020-05-19,875.0,2.0,141.0,0.23,16.11
140,2020-05-20,878.0,3.0,151.0,0.34,17.2
141,2020-05-21,878.0,2.0,155.0,0.23,17.65
142,2020-05-22,878.0,2.0,156.0,0.23,17.77
143,2020-05-23,878.0,1.0,160.0,0.11,18.22
144,2020-05-24,878.0,2.0,151.0,0.23,17.2
145,2020-05-25,878.0,2.0,151.0,0.23,17.2
146,2020-05-26,881.0,3.0,153.0,0.34,17.37
147,2020-05-27,881.0,3.0,158.0,0.34,17.93
148,2020-05-28,883.0,3.0,166.0,0.34,18.8
149,2020-05-29,886.0,3.0,167.0,0.34,18.85
150,2020-05-30,886.0,4.0,165.0,0.45,18.62
151,2020-05-31,886.0,3.0,144.0,0.34,16.25
152,2020-06-01,886.0,3.0,141.0,0.34,15.91
153,2020-06-02,886.0,3.0,139.0,0.34,15.69
154,2020-06-03,891.0,4.0,145.0,0.45,16.27
155,2020-06-04,894.0,5.0,147.0,0.56,16.44
156,2020-06-05,896.0,6.0,157.0,0.67,17.52
157,2020-06-06,896.0,6.0,154.0,0.67,17.19
158,2020-06-07,896.0,8.0,127.0,0.89,14.17
159,2020-06-08,899.0,7.0,125.0,0.78,13.9
160,2020-06-09,902.0,7.0,125.0,0.78,13.86
161,2020-06-10,903.0,7.0,126.0,0.78,13.95
162,2020-06-11,909.0,8.0,130.0,0.88,14.3
163,2020-06-12,910.0,8.0,136.0,0.88,14.95
164,2020-06-13,910.0,7.0,142.0,0.77,15.6
165,2020-06-14,910.0,6.0,134.0,0.66,14.73
166,2020-06-15,912.0,7.0,135.0,0.77,14.8
167,2020-06-16,913.0,5.0,135.0,0.55,14.79
168,2020-06-17,914.0,6.0,140.0,0.66,15.32
169,2020-06-18,915.0,7.0,145.0,0.77,15.85
170,2020-06-19,915.0,6.0,145.0,0.66,15.85
171,2020-06-20,915.0,10.0,166.0,1.09,18.14
172,2020-06-21,915.0,10.0,165.0,1.09,18.03
173,2020-06-22,915.0,9.0,169.0,0.98,18.47
174,2020-06-23,916.0,8.0,168.0,0.87,18.34
175,2020-06-24,916.0,9.0,172.0,0.98,18.78
176,2020-06-25,917.0,9.0,178.0,0.98,19.41
177,2020-06-26,917.0,11.0,183.0,1.2,19.96
178,2020-06-27,917.0,19.0,183.0,2.07,19.96
179,2020-06-28,917.0,19.0,179.0,2.07,19.52
180,2020-06-29,919.0,19.0,180.0,2.07,19.59
181,2020-06-30,919.0,19.0,168.0,2.07,18.28
182,2020-07-01,919.0,23.0,218.0,2.5,23.72
183,2020-07-02,921.0,24.0,226.0,2.61,24.54
184,2020-07-03,924.0,24.0,227.0,2.6,24.57
185,2020-07-04,925.0,35.0,267.0,3.78,28.86
186,2020-07-05,925.0,35.0,271.0,3.78,29.3
187,2020-07-06,927.0,37.0,279.0,3.99,30.1
188,2020-07-07,927.0,36.0,279.0,3.88,30.1
189,2020-07-08,927.0,36.0,284.0,3.88,30.64
190,2020-07-09,927.0,36.0,292.0,3.88,31.5
191,2020-07-10,927.0,36.0,304.0,3.88,32.79
192,2020-07-11,927.0,49.0,325.0,5.29,35.06
193,2020-07-12,927.0,47.0,330.0,5.07,35.6
194,2020-07-13,928.0,47.0,331.0,5.06,35.67
195,2020-07-14,928.0,47.0,329.0,5.06,35.45
196,2020-07-15,929.0,48.0,330.0,5.17,35.52
197,2020-07-16,929.0,49.0,336.0,5.27,36.17
198,2020-07-17,929.0,50.0,338.0,5.38,36.38
199,2020-07-18,929.0,64.0,375.0,6.89,40.37
200,2020-07-19,929.0,67.0,372.0,7.21,40.04
201,2020-07-20,929.0,67.0,374.0,7.21,40.26
202,2020-07-21,929.0,69.0,380.0,7.43,40.9
203,2020-07-22,929.0,68.0,382.0,7.32,41.12
204,2020-07-23,929.0,69.0,389.0,7.43,41.87
205,2020-07-24,929.0,70.0,391.0,7.53,42.09
206,2020-07-25,929.0,70.0,416.0,7.53,44.78
207,2020-07-26,929.0,69.0,421.0,7.43,45.32
208,2020-07-27,929.0,69.0,421.0,7.43,45.32
209,2020-07-28,929.0,68.0,422.0,7.32,45.43
210,2020-07-29,929.0,68.0,426.0,7.32,45.86
211,2020-07-30,930.0,68.0,421.0,7.31,45.27
212,2020-07-31,930.0,67.0,390.0,7.2,41.94
213,2020-08-01,930.0,91.0,493.0,9.78,53.01
214,2020-08-02,930.0,92.0,507.0,9.89,54.52
215,2020-08-03,930.0,92.0,507.0,9.89,54.52
216,2020-08-04,930.0,92.0,505.0,9.89,54.3
217,2020-08-05,930.0,92.0,504.0,9.89,54.19
218,2020-08-06,930.0,92.0,507.0,9.89,54.52
219,2020-08-07,930.0,89.0,504.0,9.57,54.19
220,2020-08-08,930.0,90.0,496.0,9.68,53.33
221,2020-08-09,930.0,94.0,499.0,10.11,53.66
222,2020-08-10,931.0,94.0,499.0,10.1,53.6
223,2020-08-11,931.0,96.0,498.0,10.31,53.49
224,2020-08-12,931.0,96.0,498.0,10.31,53.49
225,2020-08-13,931.0,97.0,498.0,10.42,53.49
226,2020-08-14,932.0,94.0,491.0,10.09,52.68
227,2020-08-15,932.0,79.0,457.0,8.48,49.03
228,2020-08-16,932.0,85.0,462.0,9.12,49.57
229,2020-08-17,932.0,88.0,471.0,9.44,50.54
230,2020-08-18,933.0,88.0,471.0,9.43,50.48
231,2020-08-19,933.0,87.0,470.0,9.32,50.38
232,2020-08-20,933.0,87.0,470.0,9.32,50.38
233,2020-08-21,933.0,86.0,459.0,9.22,49.2
234,2020-08-22,933.0,64.0,411.0,6.86,44.05
235,2020-08-23,933.0,56.0,389.0,6.0,41.69
236,2020-08-24,933.0,53.0,387.0,5.68,41.48
237,2020-08-25,933.0,53.0,385.0,5.68,41.26
238,2020-08-26,933.0,54.0,383.0,5.79,41.05
239,2020-08-27,933.0,53.0,377.0,5.68,40.41
240,2020-08-28,933.0,51.0,366.0,5.47,39.23
241,2020-08-29,933.0,23.0,237.0,2.47,25.4
242,2020-08-30,933.0,13.0,209.0,1.39,22.4
243,2020-08-31,933.0,11.0,150.0,1.18,16.08
244,2020-09-01,933.0,12.0,165.0,1.29,17.68
245,2020-09-02,933.0,11.0,163.0,1.18,17.47
246,2020-09-03,934.0,12.0,168.0,1.28,17.99
247,2020-09-04,934.0,12.0,171.0,1.28,18.31
248,2020-09-05,934.0,10.0,171.0,1.07,18.31
249,2020-09-06,934.0,10.0,158.0,1.07,16.92
250,2020-09-07,934.0,10.0,154.0,1.07,16.49
251,2020-09-08,936.0,10.0,153.0,1.07,16.35
252,2020-09-09,938.0,10.0,155.0,1.07,16.52
253,2020-09-10,938.0,9.0,159.0,0.96,16.95
254,2020-09-11,938.0,9.0,161.0,0.96,17.16
255,2020-09-12,938.0,6.0,154.0,0.64,16.42
256,2020-09-13,938.0,6.0,155.0,0.64,16.52
257,2020-09-14,941.0,3.0,145.0,0.32,15.41
258,2020-09-15,941.0,2.0,161.0,0.21,17.11
259,2020-09-16,941.0,1.0,191.0,0.11,20.3
260,2020-09-17,941.0,2.0,199.0,0.21,21.15
261,2020-09-18,941.0,2.0,202.0,0.21,21.47
262,2020-09-19,941.0,5.0,198.0,0.53,21.04
263,2020-09-20,941.0,5.0,194.0,0.53,20.62
264,2020-09-21,941.0,4.0,211.0,0.43,22.42
265,2020-09-22,941.0,4.0,213.0,0.43,22.64
266,2020-09-23,941.0,4.0,216.0,0.43,22.95
267,2020-09-24,941.0,6.0,223.0,0.64,23.7
268,2020-09-25,941.0,7.0,218.0,0.74,23.17
269,2020-09-26,941.0,6.0,221.0,0.64,23.49
270,2020-09-27,941.0,4.0,263.0,0.43,27.95
271,2020-09-28,941.0,4.0,264.0,0.43,28.06
272,2020-09-29,942.0,3.0,260.0,0.32,27.6
273,2020-09-30,944.0,6.0,252.0,0.64,26.69
274,2020-10-01,946.0,7.0,260.0,0.74,27.48
275,2020-10-02,946.0,7.0,265.0,0.74,28.01
276,2020-10-03,946.0,6.0,260.0,0.63,27.48
277,2020-10-04,946.0,4.0,254.0,0.42,26.85
278,2020-10-05,947.0,2.0,253.0,0.21,26.72
279,2020-10-06,947.0,2.0,255.0,0.21,26.93
280,2020-10-07,947.0,1.0,253.0,0.11,26.72
281,2020-10-08,947.0,3.0,257.0,0.32,27.14
282,2020-10-09,950.0,2.0,257.0,0.21,27.05
283,2020-10-10,950.0,2.0,254.0,0.21,26.74
284,2020-10-11,950.0,1.0,252.0,0.11,26.53
285,2020-10-12,950.0,1.0,256.0,0.11,26.95
286,2020-10-13,952.0,1.0,259.0,0.11,27.21
287,2020-10-14,955.0,1.0,256.0,0.1,26.81
288,2020-10-15,956.0,1.0,260.0,0.1,27.2
289,2020-10-16,956.0,3.0,262.0,0.31,27.41
290,2020-10-17,956.0,10.0,282.0,1.05,29.5
291,2020-10-18,956.0,11.0,287.0,1.15,30.02
292,2020-10-19,957.0,12.0,282.0,1.25,29.47
293,2020-10-20,961.0,12.0,284.0,1.25,29.55
294,2020-10-21,961.0,12.0,283.0,1.25,29.45
295,2020-10-22,962.0,13.0,293.0,1.35,30.46
296,2020-10-23,964.0,13.0,296.0,1.35,30.71
297,2020-10-24,964.0,11.0,303.0,1.14,31.43
298,2020-10-25,964.0,14.0,303.0,1.45,31.43
299,2020-10-26,964.0,13.0,298.0,1.35,30.91
300,2020-10-27,964.0,14.0,299.0,1.45,31.02
301,2020-10-28,965.0,13.0,299.0,1.35,30.98
302,2020-10-29,965.0,13.0,304.0,1.35,31.5
303,2020-10-30,965.0,13.0,303.0,1.35,31.4
304,2020-10-31,965.0,7.0,273.0,0.73,28.29
305,2020-11-01,965.0,2.0,272.0,0.21,28.19
306,2020-11-02,965.0,3.0,269.0,0.31,27.88
307,2020-11-03,965.0,3.0,273.0,0.31,28.29
308,2020-11-04,965.0,3.0,272.0,0.31,28.19
309,2020-11-05,966.0,3.0,271.0,0.31,28.05
310,2020-11-06,967.0,4.0,278.0,0.41,28.75
311,2020-11-07,967.0,4.0,275.0,0.41,28.44
312,2020-11-08,967.0,3.0,273.0,0.31,28.23
313,2020-11-09,969.0,3.0,274.0,0.31,28.28
314,2020-11-10,970.0,3.0,274.0,0.31,28.25
315,2020-11-11,970.0,3.0,280.0,0.31,28.87
316,2020-11-12,970.0,3.0,283.0,0.31,29.18
317,2020-11-13,970.0,3.0,282.0,0.31,29.07
318,2020-11-14,970.0,3.0,282.0,0.31,29.07
319,2020-11-15,970.0,3.0,280.0,0.31,28.87
320,2020-11-16,971.0,4.0,281.0,0.41,28.94
321,2020-11-17,971.0,3.0,282.0,0.31,29.04
322,2020-11-18,971.0,2.0,281.0,0.21,28.94
323,2020-11-19,971.0,2.0,282.0,0.21,29.04
324,2020-11-20,978.0,2.0,288.0,0.2,29.45
325,2020-11-21,978.0,2.0,293.0,0.2,29.96
326,2020-11-22,978.0,2.0,296.0,0.2,30.27
327,2020-11-23,981.0,2.0,298.0,0.2,30.38
328,2020-11-24,983.0,2.0,299.0,0.2,30.42
329,2020-11-25,983.0,2.0,302.0,0.2,30.72
330,2020-11-26,984.0,3.0,302.0,0.3,30.69
331,2020-11-27,985.0,3.0,297.0,0.3,30.15
332,2020-11-28,985.0,2.0,276.0,0.2,28.02
333,2020-11-29,985.0,2.0,247.0,0.2,25.08
334,2020-11-30,985.0,2.0,247.0,0.2,25.08
335,2020-12-01,986.0,2.0,255.0,0.2,25.86
336,2020-12-02,988.0,2.0,262.0,0.2,26.52
337,2020-12-03,989.0,2.0,263.0,0.2,26.59
338,2020-12-04,989.0,2.0,262.0,0.2,26.49
339,2020-12-05,989.0,2.0,244.0,0.2,24.67
340,2020-12-06,989.0,2.0,224.0,0.2,22.65
341,2020-12-07,990.0,2.0,223.0,0.2,22.53
342,2020-12-08,995.0,2.0,217.0,0.2,21.81
343,2020-12-09,997.0,2.0,217.0,0.2,21.77
344,2020-12-10,1001.0,2.0,224.0,0.2,22.38
345,2020-12-11,1003.0,2.0,221.0,0.2,22.03
346,2020-12-12,1003.0,2.0,216.0,0.2,21.54
347,2020-12-13,1003.0,2.0,204.0,0.2,20.34
348,2020-12-14,1003.0,2.0,204.0,0.2,20.34
349,2020-12-15,1006.0,2.0,207.0,0.2,20.58
350,2020-12-16,1007.0,2.0,204.0,0.2,20.26
351,2020-12-17,1008.0,2.0,207.0,0.2,20.54
352,2020-12-18,1008.0,3.0,220.0,0.3,21.83
353,2020-12-19,1008.0,9.0,293.0,0.89,29.07
354,2020-12-20,1008.0,9.0,313.0,0.89,31.05
355,2020-12-21,1011.0,11.0,319.0,1.09,31.55
356,2020-12-22,1012.0,12.0,322.0,1.19,31.82
357,2020-12-23,1013.0,13.0,335.0,1.28,33.07
358,2020-12-24,1013.0,13.0,340.0,1.28,33.56
359,2020-12-25,1013.0,15.0,344.0,1.48,33.96
360,2020-12-26,1013.0,21.0,371.0,2.07,36.62
361,2020-12-27,1013.0,27.0,375.0,2.67,37.02
362,2020-12-28,1013.0,28.0,380.0,2.76,37.51
363,2020-12-29,1013.0,28.0,383.0,2.76,37.81
364,2020-12-30,1014.0,27.0,383.0,2.66,37.77
365,2020-12-31,1014.0,27.0,349.0,2.66,34.42
366,2021-01-01,1014.0,27.0,416.0,2.66,41.03
367,2021-01-02,1014.0,11.0,344.0,1.08,33.93
368,2021-01-03,1014.0,2.0,288.0,0.2,28.4
369,2021-01-04,1014.0,1.0,274.0,0.1,27.02
370,2021-01-05,1014.0,1.0,272.0,0.1,26.82
371,2021-01-06,1014.0,1.0,271.0,0.1,26.73
372,2021-01-07,1014.0,1.0,273.0,0.1,26.92
373,2021-01-08,1014.0,2.0,272.0,0.2,26.82
374,2021-01-09,1014.0,2.0,264.0,0.2,26.04
375,2021-01-10,1014.0,2.0,256.0,0.2,25.25
376,2021-01-11,1014.0,2.0,254.0,0.2,25.05
377,2021-01-12,1016.0,2.0,254.0,0.2,25.0
378,2021-01-13,1016.0,2.0,254.0,0.2,25.0
379,2021-01-14,1016.0,2.0,257.0,0.2,25.3
380,2021-01-15,1016.0,3.0,267.0,0.3,26.28
381,2021-01-16,1016.0,3.0,271.0,0.3,26.67
382,2021-01-17,1016.0,4.0,266.0,0.39,26.18
383,2021-01-18,1016.0,4.0,266.0,0.39,26.18
384,2021-01-19,1017.0,3.0,268.0,0.29,26.35
385,2021-01-20,1018.0,3.0,270.0,0.29,26.52
386,2021-01-21,1018.0,2.0,271.0,0.2,26.62
387,2021-01-22,1020.0,1.0,275.0,0.1,26.96
388,2021-01-23,1020.0,3.0,272.0,0.29,26.67
389,2021-01-24,1020.0,3.0,265.0,0.29,25.98
390,2021-01-25,1021.0,3.0,267.0,0.29,26.15
391,2021-01-26,1022.0,3.0,269.0,0.29,26.32
392,2021-01-27,1023.0,3.0,268.0,0.29,26.2
393,2021-01-28,1025.0,3.0,270.0,0.29,26.34
394,2021-01-29,1028.0,3.0,271.0,0.29,26.36
395,2021-01-30,1028.0,2.0,271.0,0.19,26.36
396,2021-01-31,1028.0,2.0,268.0,0.19,26.07
397,2021-02-01,1029.0,2.0,282.0,0.19,27.41
398,2021-02-02,1029.0,2.0,280.0,0.19,27.21
399,2021-02-03,1032.0,2.0,285.0,0.19,27.62
400,2021-02-04,1035.0,2.0,284.0,0.19,27.44
401,2021-02-05,1039.0,4.0,294.0,0.38,28.3
402,2021-02-06,1039.0,4.0,286.0,0.38,27.53
403,2021-02-07,1039.0,5.0,285.0,0.48,27.43
404,2021-02-08,1043.0,5.0,283.0,0.48,27.13
405,2021-02-09,1046.0,4.0,284.0,0.38,27.15
406,2021-02-10,1048.0,4.0,284.0,0.38,27.1
407,2021-02-11,1048.0,4.0,282.0,0.38,26.91
408,2021-02-12,1052.0,4.0,285.0,0.38,27.09
409,2021-02-13,1052.0,7.0,317.0,0.67,30.13
410,2021-02-14,1052.0,10.0,345.0,0.95,32.79
411,2021-02-15,1055.0,11.0,346.0,1.04,32.8
412,2021-02-16,1056.0,12.0,348.0,1.14,32.95
413,2021-02-17,1058.0,12.0,351.0,1.13,33.18
414,2021-02-18,1059.0,13.0,355.0,1.23,33.52
415,2021-02-19,1062.0,12.0,353.0,1.13,33.24
416,2021-02-20,1062.0,14.0,356.0,1.32,33.52
417,2021-02-21,1062.0,15.0,348.0,1.41,32.77
418,2021-02-22,1065.0,14.0,348.0,1.31,32.68
419,2021-02-23,1067.0,14.0,347.0,1.31,32.52
420,2021-02-24,1068.0,14.0,347.0,1.31,32.49
421,2021-02-25,1070.0,13.0,345.0,1.21,32.24
422,2021-02-26,1071.0,13.0,345.0,1.21,32.21
423,2021-02-27,1071.0,15.0,327.0,1.4,30.53
424,2021-02-28,1071.0,13.0,292.0,1.21,27.26
425,2021-03-01,1078.0,14.0,303.0,1.3,28.11
426,2021-03-02,1082.0,14.0,304.0,1.29,28.1
427,2021-03-03,1087.0,14.0,305.0,1.29,28.06
428,2021-03-04,1092.0,14.0,304.0,1.28,27.84
429,2021-03-05,1093.0,14.0,305.0,1.28,27.9
430,2021-03-06,1093.0,6.0,292.0,0.55,26.72
431,2021-03-07,1093.0,3.0,283.0,0.27,25.89
432,2021-03-08,1098.0,3.0,284.0,0.27,25.87
433,2021-03-09,1100.0,3.0,284.0,0.27,25.82
434,2021-03-10,1108.0,3.0,282.0,0.27,25.45
435,2021-03-11,1110.0,3.0,285.0,0.27,25.68
436,2021-03-12,1112.0,4.0,284.0,0.36,25.54
437,2021-03-13,1112.0,5.0,296.0,0.45,26.62
438,2021-03-14,1112.0,5.0,303.0,0.45,27.25
439,2021-03-15,1116.0,7.0,303.0,0.63,27.15
440,2021-03-16,1121.0,7.0,303.0,0.62,27.03
441,2021-03-17,1125.0,6.0,308.0,0.53,27.38
442,2021-03-18,1128.0,8.0,308.0,0.71,27.3
443,2021-03-19,1128.0,8.0,311.0,0.71,27.57
444,2021-03-20,1128.0,6.0,315.0,0.53,27.93
445,2021-03-21,1128.0,3.0,302.0,0.27,26.77
446,2021-03-22,1133.0,3.0,299.0,0.26,26.39
447,2021-03-23,1136.0,3.0,303.0,0.26,26.67
448,2021-03-24,1137.0,3.0,305.0,0.26,26.82
449,2021-03-25,1139.0,5.0,310.0,0.44,27.22
450,2021-03-26,1141.0,4.0,313.0,0.35,27.43
451,2021-03-27,1141.0,5.0,315.0,0.44,27.61
452,2021-03-28,1141.0,5.0,323.0,0.44,28.31
453,2021-03-29,1146.0,5.0,328.0,0.44,28.62
454,2021-03-30,1156.0,5.0,329.0,0.43,28.46
455,2021-03-31,1165.0,5.0,320.0,0.43,27.47
456,2021-04-01,1166.0,6.0,343.0,0.51,29.42
457,2021-04-02,1167.0,7.0,354.0,0.6,30.33
458,2021-04-03,1167.0,9.0,351.0,0.77,30.08
459,2021-04-04,1167.0,10.0,343.0,0.86,29.39
460,2021-04-05,1167.0,7.0,331.0,0.6,28.36
461,2021-04-06,1169.0,6.0,325.0,0.51,27.8
462,2021-04-07,1169.0,6.0,325.0,0.51,27.8
463,2021-04-08,1171.0,6.0,327.0,0.51,27.92
464,2021-04-09,1174.0,6.0,333.0,0.51,28.36
465,2021-04-10,1174.0,8.0,331.0,0.68,28.19
466,2021-04-11,1174.0,7.0,321.0,0.6,27.34
467,2021-04-12,1177.0,6.0,327.0,0.51,27.78
468,2021-04-13,1180.0,6.0,326.0,0.51,27.63
469,2021-04-14,1184.0,7.0,332.0,0.59,28.04
470,2021-04-15,1190.0,7.0,336.0,0.59,28.24
471,2021-04-16,1192.0,7.0,342.0,0.59,28.69
472,2021-04-17,1193.0,9.0,369.0,0.75,30.93
473,2021-04-18,1193.0,9.0,351.0,0.75,29.42
474,2021-04-19,1196.0,10.0,351.0,0.84,29.35
475,2021-04-20,1200.0,9.0,350.0,0.75,29.17
476,2021-04-21,1204.0,9.0,356.0,0.75,29.57
477,2021-04-22,1206.0,9.0,360.0,0.75,29.85
478,2021-04-23,1207.0,9.0,365.0,0.75,30.24
479,2021-04-24,1207.0,3.0,341.0,0.25,28.25
480,2021-04-25,1207.0,2.0,319.0,0.17,26.43
481,2021-04-26,1209.0,2.0,324.0,0.17,26.8
482,2021-04-27,1210.0,2.0,323.0,0.17,26.69
483,2021-04-28,1214.0,3.0,327.0,0.25,26.94
484,2021-04-29,1218.0,4.0,332.0,0.33,27.26
485,2021-04-30,1220.0,4.0,297.0,0.33,24.34
486,2021-05-01,1220.0,7.0,303.0,0.57,24.84
487,2021-05-02,1220.0,5.0,291.0,0.41,23.85
488,2021-05-03,1221.0,6.0,287.0,0.49,23.51
489,2021-05-04,1222.0,6.0,290.0,0.49,23.73
490,2021-05-05,1226.0,6.0,298.0,0.49,24.31
491,2021-05-06,1228.0,7.0,309.0,0.57,25.16
492,2021-05-07,1230.0,6.0,317.0,0.49,25.77
493,2021-05-08,1230.0,10.0,326.0,0.81,26.5
494,2021-05-09,1230.0,10.0,325.0,0.81,26.42
495,2021-05-10,1236.0,10.0,326.0,0.81,26.38
496,2021-05-11,1242.0,12.0,331.0,0.97,26.65
497,2021-05-12,1245.0,14.0,350.0,1.12,28.11
498,2021-05-13,1246.0,15.0,386.0,1.2,30.98
499,2021-05-14,1252.0,15.0,390.0,1.2,31.15
500,2021-05-15,1252.0,13.0,362.0,1.04,28.91
501,2021-05-16,1252.0,3.0,311.0,0.24,24.84
502,2021-05-17,1254.0,4.0,308.0,0.32,24.56
503,2021-05-18,1256.0,4.0,316.0,0.32,25.16
504,2021-05-19,1258.0,3.0,316.0,0.24,25.12
505,2021-05-20,1260.0,4.0,324.0,0.32,25.71
506,2021-05-21,1262.0,8.0,353.0,0.63,27.97
507,2021-05-22,1262.0,12.0,377.0,0.95,29.87
508,2021-05-23,1262.0,12.0,367.0,0.95,29.08
509,2021-05-24,1264.0,9.0,342.0,0.71,27.06
510,2021-05-25,1271.0,9.0,335.0,0.71,26.36
511,2021-05-26,1276.0,9.0,336.0,0.71,26.33
512,2021-05-27,1279.0,11.0,348.0,0.86,27.21
513,2021-05-28,1282.0,14.0,372.0,1.09,29.02
514,2021-05-29,1282.0,11.0,382.0,0.86,29.8
515,2021-05-30,1282.0,11.0,352.0,0.86,27.46
516,2021-05-31,1285.0,11.0,333.0,0.86,25.91
517,2021-06-01,1288.0,11.0,356.0,0.85,27.64
518,2021-06-02,1291.0,11.0,362.0,0.85,28.04
519,2021-06-03,1292.0,10.0,372.0,0.77,28.79
520,2021-06-04,1294.0,12.0,386.0,0.93,29.83
521,2021-06-05,1294.0,14.0,376.0,1.08,29.06
522,2021-06-06,1294.0,11.0,350.0,0.85,27.05
523,2021-06-07,1294.0,11.0,349.0,0.85,26.97
524,2021-06-08,1300.0,11.0,354.0,0.85,27.23
525,2021-06-09,1304.0,10.0,358.0,0.77,27.45
526,2021-06-10,1308.0,11.0,381.0,0.84,29.13
527,2021-06-11,1311.0,13.0,390.0,0.99,29.75
528,2021-06-12,1311.0,17.0,399.0,1.3,30.43
529,2021-06-13,1311.0,15.0,383.0,1.14,29.21
530,2021-06-14,1312.0,15.0,372.0,1.14,28.35
531,2021-06-15,1320.0,14.0,384.0,1.06,29.09
532,2021-06-16,1323.0,16.0,389.0,1.21,29.4
533,2021-06-17,1325.0,19.0,425.0,1.43,32.08
534,2021-06-18,1327.0,20.0,449.0,1.51,33.84
535,2021-06-19,1327.0,37.0,478.0,2.79,36.02
536,2021-06-20,1328.0,36.0,465.0,2.71,35.02
537,2021-06-21,1332.0,36.0,456.0,2.7,34.23
538,2021-06-22,1336.0,36.0,453.0,2.69,33.91
539,2021-06-23,1341.0,35.0,456.0,2.61,34.0
540,2021-06-24,1343.0,33.0,461.0,2.46,34.33
541,2021-06-25,1344.0,33.0,476.0,2.46,35.42
542,2021-06-26,1345.0,31.0,483.0,2.3,35.91
543,2021-06-27,1346.0,30.0,460.0,2.23,34.18
544,2021-06-28,1346.0,28.0,453.0,2.08,33.66
545,2021-06-29,1346.0,28.0,449.0,2.08,33.36
546,2021-06-30,1347.0,29.0,429.0,2.15,31.85
547,2021-07-01,1349.0,31.0,512.0,2.3,37.95
548,2021-07-02,1354.0,34.0,513.0,2.51,37.89
549,2021-07-03,1354.0,55.0,600.0,4.06,44.31
550,2021-07-04,1354.0,56.0,600.0,4.14,44.31
551,2021-07-05,1354.0,59.0,598.0,4.36,44.17
552,2021-07-06,1359.0,59.0,601.0,4.34,44.22
553,2021-07-07,1360.0,60.0,609.0,4.41,44.78
554,2021-07-08,1361.0,60.0,614.0,4.41,45.11
555,2021-07-09,1363.0,60.0,618.0,4.4,45.34
556,2021-07-10,1363.0,83.0,700.0,6.09,51.36
557,2021-07-11,1363.0,84.0,701.0,6.16,51.43
558,2021-07-12,1363.0,81.0,701.0,5.94,51.43
559,2021-07-13,1365.0,81.0,708.0,5.93,51.87
560,2021-07-14,1365.0,82.0,705.0,6.01,51.65
561,2021-07-15,1365.0,86.0,717.0,6.3,52.53
562,2021-07-16,1365.0,87.0,715.0,6.37,52.38
563,2021-07-17,1365.0,113.0,782.0,8.28,57.29
564,2021-07-18,1365.0,114.0,795.0,8.35,58.24
565,2021-07-19,1366.0,115.0,807.0,8.42,59.08
566,2021-07-20,1366.0,114.0,806.0,8.35,59.0
567,2021-07-21,1366.0,116.0,810.0,8.49,59.3
568,2021-07-22,1367.0,117.0,813.0,8.56,59.47
569,2021-07-23,1367.0,118.0,808.0,8.63,59.11
570,2021-07-24,1367.0,122.0,832.0,8.92,60.86
571,2021-07-25,1367.0,123.0,832.0,9.0,60.86
572,2021-07-26,1369.0,122.0,829.0,8.91,60.56
573,2021-07-27,1370.0,123.0,835.0,8.98,60.95
574,2021-07-28,1372.0,121.0,833.0,8.82,60.71
575,2021-07-29,1374.0,121.0,835.0,8.81,60.77
576,2021-07-30,1376.0,119.0,809.0,8.65,58.79
577,2021-07-31,1376.0,158.0,822.0,11.48,59.74
578,2021-08-01,1376.0,163.0,902.0,11.85,65.55
579,2021-08-02,1377.0,164.0,909.0,11.91,66.01
580,2021-08-03,1379.0,163.0,910.0,11.82,65.99
581,2021-08-04,1380.0,163.0,915.0,11.81,66.3
582,2021-08-05,1380.0,165.0,914.0,11.96,66.23
583,2021-08-06,1381.0,166.0,909.0,12.02,65.82
584,2021-08-07,1381.0,169.0,929.0,12.24,67.27
585,2021-08-08,1381.0,170.0,937.0,12.31,67.85
586,2021-08-09,1381.0,171.0,939.0,12.38,67.99
587,2021-08-10,1382.0,170.0,937.0,12.3,67.8
588,2021-08-11,1383.0,172.0,941.0,12.44,68.04
589,2021-08-12,1385.0,172.0,942.0,12.42,68.01
590,2021-08-13,1386.0,170.0,931.0,12.27,67.17
591,2021-08-14,1386.0,123.0,888.0,8.87,64.07
592,2021-08-15,1386.0,125.0,891.0,9.02,64.29
593,2021-08-16,1387.0,127.0,899.0,9.16,64.82
594,2021-08-17,1387.0,127.0,896.0,9.16,64.6
595,2021-08-18,1388.0,126.0,894.0,9.08,64.41
596,2021-08-19,1388.0,124.0,899.0,8.93,64.77
597,2021-08-20,1388.0,123.0,885.0,8.86,63.76
598,2021-08-21,1388.0,106.0,792.0,7.64,57.06
599,2021-08-22,1388.0,107.0,772.0,7.71,55.62
600,2021-08-23,1389.0,106.0,758.0,7.63,54.57
601,2021-08-24,1389.0,104.0,759.0,7.49,54.64
602,2021-08-25,1389.0,104.0,753.0,7.49,54.21
603,2021-08-26,1389.0,103.0,744.0,7.42,53.56
604,2021-08-27,1390.0,103.0,731.0,7.41,52.59
605,2021-08-28,1390.0,44.0,524.0,3.17,37.7
606,2021-08-29,1390.0,33.0,491.0,2.37,35.32
607,2021-08-30,1390.0,32.0,466.0,2.3,33.53
608,2021-08-31,1392.0,31.0,397.0,2.23,28.52
609,2021-09-01,1392.0,31.0,424.0,2.23,30.46
610,2021-09-02,1392.0,31.0,429.0,2.23,30.82
611,2021-09-03,1392.0,31.0,439.0,2.23,31.54
612,2021-09-04,1392.0,27.0,406.0,1.94,29.17
613,2021-09-05,1392.0,27.0,391.0,1.94,28.09
614,2021-09-06,1393.0,30.0,395.0,2.15,28.36
615,2021-09-07,1395.0,28.0,392.0,2.01,28.1
616,2021-09-08,1395.0,29.0,394.0,2.08,28.24
617,2021-09-09,1396.0,30.0,404.0,2.15,28.94
618,2021-09-10,1396.0,28.0,398.0,2.01,28.51
619,2021-09-11,1396.0,23.0,372.0,1.65,26.65
620,2021-09-12,1396.0,18.0,343.0,1.29,24.57
621,2021-09-13,1397.0,16.0,339.0,1.15,24.27
622,2021-09-14,1398.0,16.0,330.0,1.14,23.61
623,2021-09-15,1400.0,17.0,331.0,1.21,23.64
624,2021-09-16,1401.0,17.0,343.0,1.21,24.48
625,2021-09-17,1403.0,17.0,349.0,1.21,24.88
626,2021-09-18,1403.0,18.0,351.0,1.28,25.02
627,2021-09-19,1403.0,18.0,324.0,1.28,23.09
628,2021-09-20,1410.0,16.0,313.0,1.13,22.2
629,2021-09-21,1412.0,17.0,308.0,1.2,21.81
630,2021-09-22,1414.0,17.0,311.0,1.2,21.99
631,2021-09-23,1417.0,18.0,314.0,1.27,22.16
632,2021-09-24,1417.0,18.0,325.0,1.27,22.94
633,2021-09-25,1417.0,10.0,302.0,0.71,21.31
634,2021-09-26,1417.0,8.0,285.0,0.56,20.11
635,2021-09-27,1421.0,7.0,282.0,0.49,19.85
636,2021-09-28,1426.0,6.0,282.0,0.42,19.78
637,2021-09-29,1427.0,7.0,286.0,0.49,20.04
638,2021-09-30,1430.0,7.0,273.0,0.49,19.09
639,2021-10-01,1431.0,8.0,310.0,0.56,21.66
640,2021-10-02,1431.0,10.0,315.0,0.7,22.01
641,2021-10-03,1431.0,10.0,302.0,0.7,21.1
642,2021-10-04,1432.0,9.0,297.0,0.63,20.74
643,2021-10-05,1434.0,9.0,295.0,0.63,20.57
644,2021-10-06,1441.0,10.0,298.0,0.69,20.68
645,2021-10-07,1445.0,9.0,301.0,0.62,20.83
646,2021-10-08,1446.0,8.0,314.0,0.55,21.72
647,2021-10-09,1446.0,9.0,316.0,0.62,21.85
648,2021-10-10,1446.0,9.0,298.0,0.62,20.61
649,2021-10-11,1449.0,9.0,292.0,0.62,20.15
650,2021-10-12,1450.0,8.0,295.0,0.55,20.34
651,2021-10-13,1451.0,9.0,297.0,0.62,20.47
652,2021-10-14,1453.0,9.0,300.0,0.62,20.65
653,2021-10-15,1453.0,10.0,306.0,0.69,21.06
654,2021-10-16,1453.0,9.0,309.0,0.62,21.27
655,2021-10-17,1453.0,7.0,307.0,0.48,21.13
656,2021-10-18,1457.0,8.0,306.0,0.55,21.0
657,2021-10-19,1459.0,8.0,307.0,0.55,21.04
658,2021-10-20,1460.0,9.0,311.0,0.62,21.3
659,2021-10-21,1460.0,10.0,309.0,0.68,21.16
660,2021-10-22,1460.0,8.0,309.0,0.55,21.16
661,2021-10-23,1460.0,20.0,329.0,1.37,22.53
662,2021-10-24,1460.0,20.0,327.0,1.37,22.4
663,2021-10-25,1461.0,18.0,324.0,1.23,22.18
664,2021-10-26,1464.0,18.0,324.0,1.23,22.13
665,2021-10-27,1501.0,18.0,316.0,1.2,21.05
666,2021-10-28,1502.0,17.0,313.0,1.13,20.84
667,2021-10-29,1503.0,17.0,310.0,1.13,20.63
668,2021-10-30,1503.0,17.0,295.0,1.13,19.63
669,2021-10-31,1503.0,16.0,278.0,1.06,18.5
670,2021-11-01,1503.0,14.0,291.0,0.93,19.36
671,2021-11-02,1506.0,14.0,288.0,0.93,19.12
672,2021-11-03,1508.0,13.0,287.0,0.86,19.03
673,2021-11-04,1511.0,13.0,288.0,0.86,19.06
674,2021-11-05,1514.0,14.0,288.0,0.92,19.02
675,2021-11-06,1514.0,3.0,259.0,0.2,17.11
676,2021-11-07,1514.0,2.0,253.0,0.13,16.71
677,2021-11-08,1515.0,2.0,253.0,0.13,16.7
678,2021-11-09,1516.0,2.0,258.0,0.13,17.02
679,2021-11-10,1516.0,2.0,262.0,0.13,17.28
680,2021-11-11,1517.0,4.0,269.0,0.26,17.73
681,2021-11-12,1518.0,3.0,277.0,0.2,18.25
682,2021-11-13,1518.0,2.0,267.0,0.13,17.59
683,2021-11-14,1518.0,1.0,254.0,0.07,16.73
684,2021-11-15,1520.0,1.0,254.0,0.07,16.71
685,2021-11-16,1521.0,2.0,255.0,0.13,16.77
686,2021-11-17,1529.0,2.0,256.0,0.13,16.74
687,2021-11-18,1532.0,2.0,258.0,0.13,16.84
688,2021-11-19,1532.0,1.0,260.0,0.07,16.97
689,2021-11-20,1532.0,1.0,258.0,0.07,16.84
690,2021-11-21,1532.0,1.0,254.0,0.07,16.58
691,2021-11-22,1534.0,0.0,251.0,0.0,16.36
692,2021-11-23,1538.0,0.0,251.0,0.0,16.32
693,2021-11-24,1541.0,0.0,256.0,0.0,16.61
694,2021-11-25,1542.0,0.0,257.0,0.0,16.67
695,2021-11-26,1543.0,0.0,253.0,0.0,16.4
696,2021-11-27,1543.0,1.0,250.0,0.06,16.2
697,2021-11-28,1543.0,2.0,257.0,0.13,16.66
698,2021-11-29,1544.0,2.0,261.0,0.13,16.9
699,2021-11-30,1545.0,2.0,253.0,0.13,16.38
700,2021-12-01,1551.0,2.0,270.0,0.13,17.41
701,2021-12-02,1553.0,2.0,274.0,0.13,17.64
702,2021-12-03,1558.0,2.0,271.0,0.13,17.39
703,2021-12-04,1558.0,2.0,270.0,0.13,17.33
704,2021-12-05,1558.0,2.0,302.0,0.13,19.38
705,2021-12-06,1560.0,2.0,302.0,0.13,19.36
706,2021-12-07,1560.0,3.0,305.0,0.19,19.55
707,2021-12-08,1565.0,2.0,306.0,0.13,19.55
708,2021-12-09,1569.0,2.0,311.0,0.13,19.82
709,2021-12-10,1570.0,3.0,315.0,0.19,20.06
710,2021-12-11,1570.0,5.0,325.0,0.32,20.7
711,2021-12-12,1570.0,7.0,355.0,0.45,22.61
712,2021-12-13,1571.0,6.0,357.0,0.38,22.72
713,2021-12-14,1575.0,6.0,359.0,0.38,22.79
714,2021-12-15,1578.0,6.0,360.0,0.38,22.81
715,2021-12-16,1581.0,7.0,371.0,0.44,23.47
716,2021-12-17,1584.0,9.0,377.0,0.57,23.8
717,2021-12-18,1584.0,13.0,423.0,0.82,26.7
718,2021-12-19,1584.0,23.0,499.0,1.45,31.5
719,2021-12-20,1586.0,24.0,510.0,1.51,32.16
720,2021-12-21,1589.0,26.0,516.0,1.64,32.47
721,2021-12-22,1590.0,26.0,517.0,1.64,32.52
722,2021-12-23,1590.0,28.0,530.0,1.76,33.33
723,2021-12-24,1590.0,29.0,540.0,1.82,33.96
724,2021-12-25,1590.0,29.0,540.0,1.82,33.96
725,2021-12-26,1590.0,46.0,597.0,2.89,37.55
726,2021-12-27,1592.0,47.0,605.0,2.95,38.0
727,2021-12-28,1593.0,49.0,603.0,3.08,37.85
728,2021-12-29,1593.0,51.0,606.0,3.2,38.04
729,2021-12-30,1596.0,51.0,608.0,3.2,38.1
730,2021-12-31,1596.0,51.0,532.0,3.2,33.33
731,2022-01-01,1596.0,49.0,602.0,3.07,37.72
732,2022-01-02,1596.0,17.0,512.0,1.07,32.08
733,2022-01-03,1596.0,15.0,496.0,0.94,31.08
734,2022-01-04,1598.0,9.0,490.0,0.56,30.66
735,2022-01-05,1599.0,8.0,484.0,0.5,30.27
736,2022-01-06,1600.0,8.0,482.0,0.5,30.12
737,2022-01-07,1600.0,8.0,478.0,0.5,29.88
738,2022-01-08,1600.0,10.0,473.0,0.62,29.56
739,2022-01-09,1601.0,6.0,410.0,0.37,25.61
740,2022-01-10,1603.0,6.0,406.0,0.37,25.33
741,2022-01-11,1604.0,6.0,404.0,0.37,25.19
742,2022-01-12,1607.0,6.0,407.0,0.37,25.33
743,2022-01-13,1614.0,6.0,407.0,0.37,25.22
744,2022-01-14,1616.0,6.0,413.0,0.37,25.56
745,2022-01-15,1616.0,4.0,410.0,0.25,25.37
746,2022-01-16,1616.0,2.0,399.0,0.12,24.69
747,2022-01-17,1619.0,3.0,398.0,0.19,24.58
748,2022-01-18,1622.0,3.0,400.0,0.18,24.66
749,2022-01-19,1624.0,3.0,405.0,0.18,24.94
750,2022-01-20,1627.0,3.0,409.0,0.18,25.14
751,2022-01-21,1630.0,3.0,416.0,0.18,25.52
752,2022-01-22,1630.0,4.0,407.0,0.25,24.97
753,2022-01-23,1630.0,10.0,408.0,0.61,25.03
754,2022-01-24,1632.0,9.0,411.0,0.55,25.18
755,2022-01-25,1634.0,9.0,416.0,0.55,25.46
756,2022-01-26,1642.0,11.0,421.0,0.67,25.64
757,2022-01-27,1646.0,11.0,424.0,0.67,25.76
758,2022-01-28,1646.0,12.0,418.0,0.73,25.39
759,2022-01-29,1646.0,12.0,425.0,0.73,25.82
760,2022-01-30,1646.0,7.0,409.0,0.43,24.85
761,2022-01-31,1650.0,6.0,397.0,0.36,24.06
762,2022-02-01,1654.0,6.0,426.0,0.36,25.76
763,2022-02-02,1655.0,6.0,428.0,0.36,25.86
764,2022-02-03,1657.0,7.0,430.0,0.42,25.95
765,2022-02-04,1658.0,7.0,430.0,0.42,25.93
766,2022-02-05,1658.0,7.0,437.0,0.42,26.36
767,2022-02-06,1659.0,6.0,434.0,0.36,26.16
768,2022-02-07,1661.0,6.0,430.0,0.36,25.89
769,2022-02-08,1667.0,6.0,432.0,0.36,25.91
770,2022-02-09,1668.0,6.0,437.0,0.36,26.2
771,2022-02-10,1670.0,6.0,438.0,0.36,26.23
772,2022-02-11,1674.0,7.0,439.0,0.42,26.22
773,2022-02-12,1674.0,11.0,463.0,0.66,27.66
774,2022-02-13,1674.0,12.0,489.0,0.72,29.21
775,2022-02-14,1679.0,13.0,496.0,0.77,29.54
776,2022-02-15,1683.0,14.0,495.0,0.83,29.41
777,2022-02-16,1686.0,15.0,500.0,0.89,29.66
778,2022-02-17,1688.0,16.0,510.0,0.95,30.21
779,2022-02-18,1691.0,16.0,509.0,0.95,30.1
780,2022-02-19,1691.0,21.0,511.0,1.24,30.22
781,2022-02-20,1691.0,25.0,532.0,1.48,31.46
782,2022-02-21,1692.0,24.0,531.0,1.42,31.38
783,2022-02-22,1698.0,27.0,558.0,1.59,32.86
784,2022-02-23,1703.0,25.0,561.0,1.47,32.94
785,2022-02-24,1708.0,24.0,561.0,1.41,32.85
786,2022-02-25,1708.0,24.0,559.0,1.41,32.73
787,2022-02-26,1708.0,29.0,554.0,1.7,32.44
788,2022-02-27,1708.0,25.0,550.0,1.46,32.2
789,2022-02-28,1711.0,24.0,525.0,1.4,30.68
790,2022-03-01,1718.0,24.0,549.0,1.4,31.96
791,2022-03-02,1719.0,25.0,556.0,1.45,32.34
792,2022-03-03,1723.0,26.0,562.0,1.51,32.62
793,2022-03-04,1725.0,26.0,558.0,1.51,32.35
794,2022-03-05,1725.0,15.0,533.0,0.87,30.9
795,2022-03-06,1725.0,9.0,494.0,0.52,28.64
796,2022-03-07,1735.0,10.0,499.0,0.58,28.76
797,2022-03-08,1744.0,10.0,502.0,0.57,28.78
798,2022-03-09,1752.0,8.0,502.0,0.46,28.65
799,2022-03-10,1759.0,8.0,512.0,0.45,29.11
800,2022-03-11,1761.0,9.0,516.0,0.51,29.3
801,2022-03-12,1761.0,7.0,519.0,0.4,29.47
802,2022-03-13,1761.0,12.0,529.0,0.68,30.04
803,2022-03-14,1765.0,12.0,532.0,0.68,30.14
804,2022-03-15,1769.0,11.0,538.0,0.62,30.41
805,2022-03-16,1775.0,10.0,537.0,0.56,30.25
806,2022-03-17,1779.0,10.0,537.0,0.56,30.19
807,2022-03-18,1789.0,12.0,541.0,0.67,30.24
808,2022-03-19,1789.0,10.0,533.0,0.56,29.79
809,2022-03-20,1789.0,7.0,498.0,0.39,27.84
810,2022-03-21,1790.0,6.0,497.0,0.34,27.77
811,2022-03-22,1796.0,5.0,494.0,0.28,27.51
812,2022-03-23,1804.0,5.0,503.0,0.28,27.88
813,2022-03-24,1808.0,6.0,520.0,0.33,28.76
814,2022-03-25,1809.0,6.0,525.0,0.33,29.02
815,2022-03-26,1809.0,4.0,512.0,0.22,28.3
816,2022-03-27,1809.0,1.0,496.0,0.06,27.42
817,2022-03-28,1812.0,1.0,490.0,0.06,27.04
818,2022-03-29,1813.0,0.0,488.0,0.0,26.92
819,2022-03-30,1816.0,1.0,497.0,0.06,27.37
820,2022-03-31,1819.0,1.0,471.0,0.05,25.89
821,2022-04-01,1821.0,3.0,517.0,0.16,28.39
822,2022-04-02,1821.0,9.0,533.0,0.49,29.27
823,2022-04-03,1821.0,8.0,545.0,0.44,29.93
824,2022-04-04,1825.0,8.0,544.0,0.44,29.81
825,2022-04-05,1829.0,8.0,545.0,0.44,29.8
826,2022-04-06,1831.0,8.0,548.0,0.44,29.93
827,2022-04-07,1833.0,9.0,549.0,0.49,29.95
828,2022-04-08,1836.0,9.0,558.0,0.49,30.39
829,2022-04-09,1836.0,15.0,601.0,0.82,32.73
830,2022-04-10,1836.0,15.0,583.0,0.82,31.75
831,2022-04-11,1837.0,16.0,598.0,0.87,32.55
832,2022-04-12,1843.0,16.0,603.0,0.87,32.72
833,2022-04-13,1846.0,18.0,617.0,0.98,33.42
834,2022-04-14,1848.0,19.0,631.0,1.03,34.15
835,2022-04-15,1852.0,19.0,658.0,1.03,35.53
836,2022-04-16,1852.0,18.0,648.0,0.97,34.99
837,2022-04-17,1852.0,17.0,601.0,0.92,32.45
838,2022-04-18,1852.0,15.0,574.0,0.81,30.99
839,2022-04-19,1855.0,15.0,567.0,0.81,30.57
840,2022-04-20,1865.0,12.0,560.0,0.64,30.03
841,2022-04-21,1871.0,12.0,570.0,0.64,30.46
842,2022-04-22,1873.0,14.0,563.0,0.75,30.06
843,2022-04-23,1873.0,11.0,553.0,0.59,29.52
844,2022-04-24,1873.0,12.0,512.0,0.64,27.34
845,2022-04-25,1879.0,12.0,520.0,0.64,27.67
846,2022-04-26,1881.0,12.0,516.0,0.64,27.43
847,2022-04-27,1882.0,14.0,516.0,0.74,27.42
848,2022-04-28,1884.0,16.0,538.0,0.85,28.56
849,2022-04-29,1884.0,18.0,539.0,0.96,28.61
850,2022-04-30,1884.0,17.0,505.0,0.9,26.8
851,2022-05-01,1884.0,16.0,523.0,0.85,27.76
852,2022-05-02,1888.0,14.0,517.0,0.74,27.38
853,2022-05-03,1894.0,13.0,514.0,0.69,27.14
854,2022-05-04,1900.0,14.0,523.0,0.74,27.53
855,2022-05-05,1907.0,16.0,533.0,0.84,27.95
856,2022-05-06,1909.0,14.0,518.0,0.73,27.13
857,2022-05-07,1909.0,13.0,488.0,0.68,25.56
858,2022-05-08,1909.0,8.0,451.0,0.42,23.62
859,2022-05-09,1913.0,8.0,458.0,0.42,23.94
860,2022-05-10,1918.0,9.0,468.0,0.47,24.4
861,2022-05-11,1924.0,10.0,471.0,0.52,24.48
862,2022-05-12,1929.0,13.0,494.0,0.67,25.61
863,2022-05-13,1936.0,12.0,505.0,0.62,26.08
864,2022-05-14,1936.0,11.0,512.0,0.57,26.45
865,2022-05-15,1937.0,9.0,488.0,0.46,25.19
866,2022-05-16,1941.0,10.0,493.0,0.52,25.4
867,2022-05-17,1945.0,10.0,501.0,0.51,25.76
868,2022-05-18,1953.0,12.0,523.0,0.61,26.78
869,2022-05-19,1956.0,16.0,542.0,0.82,27.71
870,2022-05-20,1958.0,14.0,553.0,0.72,28.24
871,2022-05-21,1960.0,23.0,600.0,1.17,30.61
872,2022-05-22,1960.0,22.0,598.0,1.12,30.51
873,2022-05-23,1970.0,20.0,592.0,1.02,30.05
874,2022-05-24,1976.0,22.0,610.0,1.11,30.87
875,2022-05-25,1981.0,27.0,657.0,1.36,33.17
876,2022-05-26,1983.0,34.0,707.0,1.71,35.65
877,2022-05-27,1986.0,38.0,707.0,1.91,35.6
878,2022-05-28,1986.0,44.0,757.0,2.22,38.12
879,2022-05-29,1986.0,34.0,692.0,1.71,34.84
880,2022-05-30,1993.0,31.0,672.0,1.56,33.72
881,2022-05-31,1999.0,31.0,630.0,1.55,31.52
882,2022-06-01,2004.0,34.0,716.0,1.7,35.73
883,2022-06-02,2011.0,38.0,740.0,1.89,36.8
884,2022-06-03,2016.0,41.0,755.0,2.03,37.45
885,2022-06-04,2016.0,54.0,780.0,2.68,38.69
886,2022-06-05,2016.0,53.0,743.0,2.63,36.86
887,2022-06-06,2021.0,52.0,707.0,2.57,34.98
888,2022-06-07,2022.0,51.0,707.0,2.52,34.97
889,2022-06-08,2030.0,52.0,703.0,2.56,34.63
890,2022-06-09,2036.0,52.0,717.0,2.55,35.22
891,2022-06-10,2041.0,55.0,734.0,2.69,35.96
892,2022-06-11,2041.0,50.0,769.0,2.45,37.68
893,2022-06-12,2041.0,44.0,757.0,2.16,37.09
894,2022-06-13,2046.0,41.0,758.0,2.0,37.05
895,2022-06-14,2050.0,44.0,775.0,2.15,37.8
896,2022-06-15,2053.0,44.0,789.0,2.14,38.43
897,2022-06-16,2058.0,44.0,812.0,2.14,39.46
898,2022-06-17,2058.0,46.0,813.0,2.24,39.5
899,2022-06-18,2058.0,72.0,861.0,3.5,41.84
900,2022-06-19,2058.0,74.0,851.0,3.6,41.35
901,2022-06-20,2063.0,77.0,837.0,3.73,40.57
902,2022-06-21,2071.0,77.0,835.0,3.72,40.32
903,2022-06-22,2073.0,80.0,846.0,3.86,40.81
904,2022-06-23,2075.0,79.0,854.0,3.81,41.16
905,2022-06-24,2079.0,75.0,826.0,3.61,39.73
906,2022-06-25,2079.0,80.0,896.0,3.85,43.1
907,2022-06-26,2079.0,80.0,889.0,3.85,42.76
908,2022-06-27,2081.0,77.0,895.0,3.7,43.01
909,2022-06-28,2086.0,77.0,892.0,3.69,42.76
910,2022-06-29,2090.0,78.0,900.0,3.73,43.06
911,2022-06-30,2094.0,79.0,860.0,3.77,41.07
912,2022-07-01,2095.0,79.0,928.0,3.77,44.3
913,2022-07-02,2095.0,116.0,1059.0,5.54,50.55
914,2022-07-03,2095.0,117.0,1064.0,5.58,50.79
915,2022-07-04,2101.0,119.0,1058.0,5.66,50.36
916,2022-07-05,2102.0,122.0,1061.0,5.8,50.48
917,2022-07-06,2175.0,125.0,1075.0,5.75,49.43
918,2022-07-07,2181.0,128.0,1088.0,5.87,49.89
919,2022-07-08,2184.0,127.0,1089.0,5.82,49.86
920,2022-07-09,2184.0,154.0,1196.0,7.05,54.76
921,2022-07-10,2184.0,155.0,1209.0,7.1,55.36
922,2022-07-11,2189.0,158.0,1228.0,7.22,56.1
923,2022-07-12,2194.0,157.0,1226.0,7.16,55.88
924,2022-07-13,2197.0,156.0,1239.0,7.1,56.4
925,2022-07-14,2198.0,156.0,1242.0,7.1,56.51
926,2022-07-15,2200.0,157.0,1221.0,7.14,55.5
927,2022-07-16,2200.0,183.0,1273.0,8.32,57.86
928,2022-07-17,2200.0,186.0,1282.0,8.45,58.27
929,2022-07-18,2202.0,189.0,1282.0,8.58,58.22
930,2022-07-19,2204.0,187.0,1281.0,8.48,58.12
931,2022-07-20,2209.0,188.0,1283.0,8.51,58.08
932,2022-07-21,2210.0,190.0,1303.0,8.6,58.96
933,2022-07-22,2210.0,192.0,1278.0,8.69,57.83
934,2022-07-23,2210.0,207.0,1350.0,9.37,61.09
935,2022-07-24,2210.0,202.0,1353.0,9.14,61.22
936,2022-07-25,2211.0,202.0,1350.0,9.14,61.06
937,2022-07-26,2212.0,203.0,1349.0,9.18,60.99
938,2022-07-27,2212.0,203.0,1350.0,9.18,61.03
939,2022-07-28,2212.0,202.0,1350.0,9.13,61.03
940,2022-07-29,2214.0,203.0,1319.0,9.17,59.58
941,2022-07-30,2214.0,205.0,1350.0,9.26,60.98
942,2022-07-31,2214.0,208.0,1329.0,9.39,60.03
943,2022-08-01,2214.0,213.0,1407.0,9.62,63.55
944,2022-08-02,2214.0,214.0,1414.0,9.67,63.87
945,2022-08-03,2214.0,214.0,1417.0,9.67,64.0
946,2022-08-04,2215.0,216.0,1425.0,9.75,64.33
947,2022-08-05,2216.0,212.0,1391.0,9.57,62.77
948,2022-08-06,2216.0,227.0,1436.0,10.24,64.8
949,2022-08-07,2216.0,231.0,1445.0,10.42,65.21
950,2022-08-08,2218.0,236.0,1462.0,10.64,65.92
951,2022-08-09,2218.0,234.0,1461.0,10.55,65.87
952,2022-08-10,2222.0,238.0,1455.0,10.71,65.48
953,2022-08-11,2222.0,235.0,1454.0,10.58,65.44
954,2022-08-12,2222.0,232.0,1421.0,10.44,63.95
955,2022-08-13,2222.0,228.0,1400.0,10.26,63.01
956,2022-08-14,2222.0,233.0,1399.0,10.49,62.96
957,2022-08-15,2222.0,235.0,1386.0,10.58,62.38
958,2022-08-16,2222.0,232.0,1385.0,10.44,62.33
959,2022-08-17,2224.0,231.0,1382.0,10.39,62.14
960,2022-08-18,2225.0,230.0,1380.0,10.34,62.02
961,2022-08-19,2227.0,232.0,1358.0,10.42,60.98
962,2022-08-20,2227.0,168.0,1225.0,7.54,55.01
963,2022-08-21,2227.0,163.0,1202.0,7.32,53.97
964,2022-08-22,2230.0,162.0,1197.0,7.26,53.68
965,2022-08-23,2231.0,163.0,1191.0,7.31,53.38
966,2022-08-24,2232.0,164.0,1185.0,7.35,53.09
967,2022-08-25,2232.0,164.0,1173.0,7.35,52.55
968,2022-08-26,2236.0,165.0,1151.0,7.38,51.48
969,2022-08-27,2236.0,93.0,903.0,4.16,40.38
970,2022-08-28,2236.0,83.0,862.0,3.71,38.55
971,2022-08-29,2238.0,76.0,850.0,3.4,37.98
972,2022-08-30,2242.0,72.0,822.0,3.21,36.66
973,2022-08-31,2245.0,65.0,732.0,2.9,32.61
974,2022-09-01,2252.0,63.0,768.0,2.8,34.1
975,2022-09-02,2254.0,62.0,761.0,2.75,33.76
976,2022-09-03,2254.0,45.0,693.0,2.0,30.75
977,2022-09-04,2254.0,43.0,649.0,1.91,28.79
978,2022-09-05,2255.0,42.0,626.0,1.86,27.76
979,2022-09-06,2257.0,42.0,622.0,1.86,27.56
980,2022-09-07,2258.0,43.0,625.0,1.9,27.68
981,2022-09-08,2259.0,47.0,648.0,2.08,28.69
982,2022-09-09,2261.0,51.0,651.0,2.26,28.79
983,2022-09-10,2261.0,44.0,653.0,1.95,28.88
984,2022-09-11,2261.0,38.0,618.0,1.68,27.33
985,2022-09-12,2267.0,34.0,604.0,1.5,26.64
986,2022-09-13,2269.0,35.0,600.0,1.54,26.44
987,2022-09-14,2274.0,37.0,622.0,1.63,27.35
988,2022-09-15,2278.0,40.0,635.0,1.76,27.88
989,2022-09-16,2285.0,41.0,634.0,1.79,27.75
990,2022-09-17,2285.0,31.0,617.0,1.36,27.0
991,2022-09-18,2285.0,27.0,602.0,1.18,26.35
992,2022-09-19,2289.0,28.0,595.0,1.22,25.99
993,2022-09-20,2291.0,26.0,597.0,1.13,26.06
994,2022-09-21,2296.0,25.0,589.0,1.09,25.65
995,2022-09-22,2300.0,26.0,616.0,1.13,26.78
996,2022-09-23,2301.0,26.0,608.0,1.13,26.42
997,2022-09-24,2301.0,19.0,587.0,0.83,25.51
998,2022-09-25,2301.0,17.0,556.0,0.74,24.16
999,2022-09-26,2303.0,16.0,561.0,0.69,24.36
1000,2022-09-27,2308.0,15.0,554.0,0.65,24.0
1001,2022-09-28,2309.0,15.0,562.0,0.65,24.34
1002,2022-09-29,2309.0,14.0,556.0,0.61,24.08
1003,2022-09-30,2311.0,17.0,495.0,0.74,21.42
1004,2022-10-01,2311.0,16.0,517.0,0.69,22.37
1005,2022-10-02,2311.0,18.0,496.0,0.78,21.46
1006,2022-10-03,2313.0,25.0,505.0,1.08,21.83
1007,2022-10-04,2319.0,25.0,504.0,1.08,21.73
1008,2022-10-05,2321.0,23.0,508.0,0.99,21.89
1009,2022-10-06,2326.0,24.0,513.0,1.03,22.06
1010,2022-10-07,2332.0,25.0,510.0,1.07,21.87
1011,2022-10-08,2332.0,23.0,501.0,0.99,21.48
1012,2022-10-09,2332.0,17.0,479.0,0.73,20.54
1013,2022-10-10,2339.0,13.0,471.0,0.56,20.14
1014,2022-10-11,2343.0,11.0,468.0,0.47,19.97
1015,2022-10-12,2347.0,10.0,459.0,0.43,19.56
1016,2022-10-13,2357.0,11.0,467.0,0.47,19.81
1017,2022-10-14,2359.0,12.0,461.0,0.51,19.54
1018,2022-10-15,2359.0,14.0,476.0,0.59,20.18
1019,2022-10-16,2359.0,16.0,474.0,0.68,20.09
1020,2022-10-17,2375.0,15.0,478.0,0.63,20.13
1021,2022-10-18,2380.0,14.0,471.0,0.59,19.79
1022,2022-10-19,2385.0,15.0,483.0,0.63,20.25
1023,2022-10-20,2387.0,16.0,500.0,0.67,20.95
1024,2022-10-21,2388.0,14.0,512.0,0.59,21.44
1025,2022-10-22,2388.0,26.0,536.0,1.09,22.45
1026,2022-10-23,2388.0,29.0,529.0,1.21,22.15
1027,2022-10-24,2394.0,31.0,514.0,1.29,21.47
1028,2022-10-25,2401.0,31.0,519.0,1.29,21.62
1029,2022-10-26,2404.0,30.0,520.0,1.25,21.63
1030,2022-10-27,2407.0,30.0,522.0,1.25,21.69
1031,2022-10-28,2412.0,28.0,517.0,1.16,21.43
1032,2022-10-29,2412.0,15.0,482.0,0.62,19.98
1033,2022-10-30,2412.0,13.0,471.0,0.54,19.53
1034,2022-10-31,2414.0,13.0,451.0,0.54,18.68
1035,2022-11-01,2414.0,12.0,494.0,0.5,20.46
1036,2022-11-02,2416.0,12.0,503.0,0.5,20.82
1037,2022-11-03,2423.0,12.0,512.0,0.5,21.13
1038,2022-11-04,2427.0,12.0,504.0,0.49,20.77
1039,2022-11-05,2427.0,9.0,484.0,0.37,19.94
1040,2022-11-06,2427.0,5.0,465.0,0.21,19.16
1041,2022-11-07,2429.0,4.0,470.0,0.16,19.35
1042,2022-11-08,2432.0,4.0,476.0,0.16,19.57
1043,2022-11-09,2435.0,5.0,481.0,0.21,19.75
1044,2022-11-10,2435.0,6.0,499.0,0.25,20.49
1045,2022-11-11,2435.0,6.0,507.0,0.25,20.82
1046,2022-11-12,2435.0,6.0,499.0,0.25,20.49
1047,2022-11-13,2435.0,5.0,492.0,0.21,20.21
1048,2022-11-14,2441.0,5.0,482.0,0.2,19.75
1049,2022-11-15,2443.0,6.0,476.0,0.25,19.48
1050,2022-11-16,2448.0,5.0,474.0,0.2,19.36
1051,2022-11-17,2450.0,4.0,477.0,0.16,19.47
1052,2022-11-18,2451.0,4.0,482.0,0.16,19.67
1053,2022-11-19,2451.0,8.0,509.0,0.33,20.77
1054,2022-11-20,2451.0,9.0,516.0,0.37,21.05
1055,2022-11-21,2454.0,10.0,521.0,0.41,21.23
1056,2022-11-22,2458.0,10.0,521.0,0.41,21.2
1057,2022-11-23,2462.0,10.0,530.0,0.41,21.53
1058,2022-11-24,2464.0,10.0,535.0,0.41,21.71
1059,2022-11-25,2465.0,8.0,523.0,0.32,21.22
1060,2022-11-26,2465.0,6.0,493.0,0.24,20.0
1061,2022-11-27,2465.0,5.0,465.0,0.2,18.86
1062,2022-11-28,2467.0,5.0,464.0,0.2,18.81
1063,2022-11-29,2468.0,5.0,459.0,0.2,18.6
1064,2022-11-30,2468.0,5.0,459.0,0.2,18.6
1065,2022-12-01,2472.0,5.0,515.0,0.2,20.83
1066,2022-12-02,2473.0,5.0,520.0,0.2,21.03
1067,2022-12-03,2473.0,5.0,537.0,0.2,21.71
1068,2022-12-04,2473.0,4.0,537.0,0.16,21.71
1069,2022-12-05,2477.0,4.0,533.0,0.16,21.52
1070,2022-12-06,2478.0,5.0,533.0,0.2,21.51
1071,2022-12-07,2483.0,6.0,535.0,0.24,21.55
1072,2022-12-08,2485.0,8.0,542.0,0.32,21.81
1073,2022-12-09,2487.0,8.0,558.0,0.32,22.44
1074,2022-12-10,2487.0,10.0,572.0,0.4,23.0
1075,2022-12-11,2487.0,10.0,587.0,0.4,23.6
1076,2022-12-12,2489.0,8.0,597.0,0.32,23.99
1077,2022-12-13,2490.0,8.0,601.0,0.32,24.14
1078,2022-12-14,2492.0,8.0,614.0,0.32,24.64
1079,2022-12-15,2496.0,8.0,623.0,0.32,24.96
1080,2022-12-16,2498.0,9.0,641.0,0.36,25.66
1081,2022-12-17,2498.0,36.0,715.0,1.44,28.62
1082,2022-12-18,2498.0,36.0,737.0,1.44,29.5
1083,2022-12-19,2504.0,49.0,800.0,1.96,31.95
1084,2022-12-20,2505.0,51.0,816.0,2.04,32.57
1085,2022-12-21,2507.0,52.0,828.0,2.07,33.03
1086,2022-12-22,2507.0,54.0,848.0,2.15,33.83
1087,2022-12-23,2511.0,61.0,869.0,2.43,34.61
1088,2022-12-24,2511.0,75.0,910.0,2.99,36.24
1089,2022-12-25,2511.0,76.0,926.0,3.03,36.88
1090,2022-12-26,2513.0,86.0,1011.0,3.42,40.23
1091,2022-12-27,2515.0,87.0,1031.0,3.46,40.99
1092,2022-12-28,2517.0,88.0,1039.0,3.5,41.28
1093,2022-12-29,2519.0,89.0,1041.0,3.53,41.33
1094,2022-12-30,2522.0,87.0,1049.0,3.45,41.59
1095,2022-12-31,2522.0,90.0,920.0,3.57,36.48
1096,2023-01-01,2522.0,87.0,1020.0,3.45,40.44
1097,2023-01-02,2524.0,70.0,924.0,2.77,36.61
1098,2023-01-03,2526.0,65.0,898.0,2.57,35.55
1099,2023-01-04,2529.0,65.0,889.0,2.57,35.15
1100,2023-01-05,2532.0,65.0,892.0,2.57,35.23
1101,2023-01-06,2672.0,63.0,882.0,2.36,33.01
1102,2023-01-07,2672.0,42.0,866.0,1.57,32.41
1103,2023-01-08,2674.0,39.0,827.0,1.46,30.93
1104,2023-01-09,2674.0,31.0,790.0,1.16,29.54
1105,2023-01-10,2682.0,31.0,778.0,1.16,29.01
1106,2023-01-11,2682.0,32.0,780.0,1.19,29.08
1107,2023-01-12,2686.0,32.0,789.0,1.19,29.37
1108,2023-01-13,2689.0,34.0,798.0,1.26,29.68
1109,2023-01-14,2689.0,39.0,788.0,1.45,29.3
1110,2023-01-15,2689.0,39.0,779.0,1.45,28.97
1111,2023-01-16,2695.0,38.0,780.0,1.41,28.94
1112,2023-01-17,2696.0,39.0,781.0,1.45,28.97
1113,2023-01-18,2697.0,39.0,780.0,1.45,28.92
1114,2023-01-19,2699.0,40.0,794.0,1.48,29.42
1115,2023-01-20,2704.0,40.0,799.0,1.48,29.55
1116,2023-01-21,2704.0,37.0,804.0,1.37,29.73
1117,2023-01-22,2704.0,38.0,790.0,1.41,29.22
1118,2023-01-23,2709.0,38.0,803.0,1.4,29.64
1119,2023-01-24,2711.0,39.0,808.0,1.44,29.8
1120,2023-01-25,2714.0,39.0,813.0,1.44,29.96
1121,2023-01-26,2719.0,42.0,816.0,1.54,30.01
1122,2023-01-27,2722.0,41.0,816.0,1.51,29.98
1123,2023-01-28,2722.0,43.0,811.0,1.58,29.79
1124,2023-01-29,2722.0,41.0,791.0,1.51,29.06
1125,2023-01-30,2723.0,42.0,791.0,1.54,29.05
1126,2023-01-31,2731.0,38.0,778.0,1.39,28.49
1127,2023-02-01,2738.0,39.0,794.0,1.42,29.0
1128,2023-02-02,2741.0,38.0,798.0,1.39,29.11
1129,2023-02-03,2742.0,39.0,809.0,1.42,29.5
1130,2023-02-04,2742.0,24.0,801.0,0.88,29.21
1131,2023-02-05,2742.0,20.0,768.0,0.73,28.01
1132,2023-02-06,2743.0,20.0,766.0,0.73,27.93
1133,2023-02-07,2747.0,19.0,778.0,0.69,28.32
1134,2023-02-08,2750.0,19.0,780.0,0.69,28.36
1135,2023-02-09,2756.0,20.0,792.0,0.73,28.74
1136,2023-02-10,2762.0,22.0,812.0,0.8,29.4
1137,2023-02-11,2762.0,69.0,896.0,2.5,32.44
1138,2023-02-12,2762.0,71.0,930.0,2.57,33.67
1139,2023-02-13,2765.0,71.0,939.0,2.57,33.96
1140,2023-02-14,2772.0,72.0,940.0,2.6,33.91
1141,2023-02-15,2774.0,72.0,943.0,2.6,33.99
1142,2023-02-16,2778.0,70.0,958.0,2.52,34.49
1143,2023-02-17,2779.0,71.0,964.0,2.55,34.69
1144,2023-02-18,2779.0,73.0,959.0,2.63,34.51
1145,2023-02-19,2779.0,77.0,949.0,2.77,34.15
1146,2023-02-20,2782.0,78.0,950.0,2.8,34.15
1147,2023-02-21,2789.0,78.0,949.0,2.8,34.03
1148,2023-02-22,2798.0,79.0,948.0,2.82,33.88
1149,2023-02-23,2802.0,79.0,957.0,2.82,34.15
1150,2023-02-24,2806.0,78.0,958.0,2.78,34.14
1151,2023-02-25,2806.0,59.0,928.0,2.1,33.07
1152,2023-02-26,2806.0,59.0,909.0,2.1,32.39
1153,2023-02-27,2811.0,60.0,905.0,2.13,32.19
1154,2023-02-28,2814.0,60.0,891.0,2.13,31.66
1155,2023-03-01,2818.0,61.0,906.0,2.16,32.15
1156,2023-03-02,2821.0,59.0,913.0,2.09,32.36
1157,2023-03-03,2826.0,59.0,910.0,2.09,32.2
1158,2023-03-04,2826.0,52.0,892.0,1.84,31.56
1159,2023-03-05,2826.0,52.0,884.0,1.84,31.28
1160,2023-03-06,2827.0,51.0,887.0,1.8,31.38
1161,2023-03-07,2830.0,52.0,898.0,1.84,31.73
1162,2023-03-08,2837.0,52.0,905.0,1.83,31.9
1163,2023-03-09,2837.0,52.0,909.0,1.83,32.04
1164,2023-03-10,2839.0,52.0,919.0,1.83,32.37
1165,2023-03-11,2839.0,32.0,901.0,1.13,31.74
1166,2023-03-12,2839.0,24.0,855.0,0.85,30.12
1167,2023-03-13,2841.0,24.0,863.0,0.84,30.38
1168,2023-03-14,2845.0,26.0,872.0,0.91,30.65
1169,2023-03-15,2853.0,26.0,884.0,0.91,30.98
1170,2023-03-16,2855.0,28.0,881.0,0.98,30.86
1171,2023-03-17,2857.0,30.0,879.0,1.05,30.77
1172,2023-03-18,2857.0,23.0,865.0,0.81,30.28
1173,2023-03-19,2857.0,23.0,837.0,0.81,29.3
1174,2023-03-20,2862.0,24.0,828.0,0.84,28.93
1175,2023-03-21,2864.0,23.0,843.0,0.8,29.43
1176,2023-03-22,2864.0,22.0,860.0,0.77,30.03
1177,2023-03-23,2865.0,22.0,931.0,0.77,32.5
1178,2023-03-24,2865.0,23.0,916.0,0.8,31.97
1179,2023-03-25,2865.0,20.0,916.0,0.7,31.97
1180,2023-03-26,2865.0,20.0,906.0,0.7,31.62
1181,2023-03-27,2865.0,20.0,908.0,0.7,31.69
1182,2023-03-28,2865.0,20.0,896.0,0.7,31.27
1183,2023-03-29,2865.0,18.0,893.0,0.63,31.17
1184,2023-03-30,2865.0,16.0,891.0,0.56,31.1
1185,2023-03-31,2865.0,16.0,844.0,0.56,29.46
1186,2023-04-01,2865.0,25.0,837.0,0.87,29.21
1187,2023-04-02,2865.0,25.0,844.0,0.87,29.46
1188,2023-04-03,2865.0,26.0,861.0,0.91,30.05
1189,2023-04-04,2865.0,29.0,871.0,1.01,30.4
1190,2023-04-05,2865.0,30.0,885.0,1.05,30.89
1191,2023-04-06,2865.0,31.0,901.0,1.08,31.45
1192,2023-04-07,2865.0,35.0,909.0,1.22,31.73
1193,2023-04-08,2865.0,28.0,913.0,0.98,31.87
1194,2023-04-09,2865.0,25.0,863.0,0.87,30.12
1195,2023-04-10,2865.0,23.0,838.0,0.8,29.25
1196,2023-04-11,2865.0,20.0,829.0,0.7,28.94
1197,2023-04-12,2865.0,19.0,820.0,0.66,28.62
1198,2023-04-13,2865.0,18.0,814.0,0.63,28.41
1199,2023-04-14,2865.0,18.0,782.0,0.63,27.29
1200,2023-04-15,2865.0,11.0,742.0,0.38,25.9
1201,2023-04-16,2865.0,10.0,695.0,0.35,24.26
1202,2023-04-17,2865.0,9.0,699.0,0.31,24.4
1203,2023-04-18,2865.0,10.0,692.0,0.35,24.15
1204,2023-04-19,2865.0,10.0,684.0,0.35,23.87
1205,2023-04-20,2865.0,11.0,696.0,0.38,24.29
1206,2023-04-21,2865.0,12.0,679.0,0.42,23.7
1207,2023-04-22,2865.0,10.0,693.0,0.35,24.19
1208,2023-04-23,2865.0,12.0,694.0,0.42,24.22
1209,2023-04-24,2865.0,12.0,693.0,0.42,24.19
1210,2023-04-25,2865.0,13.0,700.0,0.45,24.43
1211,2023-04-26,2865.0,14.0,705.0,0.49,24.61
1212,2023-04-27,2865.0,13.0,721.0,0.45,25.17
1213,2023-04-28,2865.0,18.0,718.0,0.63,25.06
1214,2023-04-29,2865.0,23.0,716.0,0.8,24.99
1215,2023-04-30,2865.0,19.0,622.0,0.66,21.71
1216,2023-05-01,2865.0,19.0,610.0,0.66,21.29
1217,2023-05-02,2865.0,21.0,610.0,0.73,21.29
1218,2023-05-03,2865.0,19.0,603.0,0.66,21.05
1219,2023-05-04,2865.0,18.0,616.0,0.63,21.5
1220,2023-05-05,2865.0,17.0,609.0,0.59,21.26
1221,2023-05-06,2865.0,14.0,591.0,0.49,20.63
1222,2023-05-07,2865.0,12.0,561.0,0.42,19.58
1223,2023-05-08,2865.0,12.0,550.0,0.42,19.2
1224,2023-05-09,2865.0,12.0,551.0,0.42,19.23
1225,2023-05-10,2865.0,12.0,562.0,0.42,19.62
1226,2023-05-11,2865.0,13.0,564.0,0.45,19.69
1227,2023-05-12,2865.0,17.0,560.0,0.59,19.55
1228,2023-05-13,2865.0,14.0,593.0,0.49,20.7
1229,2023-05-14,2865.0,14.0,586.0,0.49,20.45
1230,2023-05-15,2865.0,15.0,591.0,0.52,20.63
1231,2023-05-16,2865.0,17.0,601.0,0.59,20.98
1232,2023-05-17,2865.0,16.0,643.0,0.56,22.44
1233,2023-05-18,2865.0,19.0,685.0,0.66,23.91
1234,2023-05-19,2865.0,19.0,676.0,0.66,23.6
1235,2023-05-20,2865.0,22.0,679.0,0.77,23.7
1236,2023-05-21,2865.0,18.0,626.0,0.63,21.85
1237,2023-05-22,2865.0,18.0,617.0,0.63,21.54
1238,2023-05-23,2865.0,19.0,618.0,0.66,21.57
1239,2023-05-24,2865.0,20.0,642.0,0.7,22.41
1240,2023-05-25,2865.0,24.0,672.0,0.84,23.46
1241,2023-05-26,2865.0,25.0,683.0,0.87,23.84
1242,2023-05-27,2865.0,40.0,788.0,1.4,27.5
1243,2023-05-28,2865.0,40.0,781.0,1.4,27.26
1244,2023-05-29,2865.0,37.0,762.0,1.29,26.6
1245,2023-05-30,2865.0,35.0,753.0,1.22,26.28
1246,2023-05-31,2865.0,34.0,731.0,1.19,25.51
1247,2023-06-01,2865.0,34.0,756.0,1.19,26.39
1248,2023-06-02,2865.0,33.0,729.0,1.15,25.45
1249,2023-06-03,2865.0,28.0,698.0,0.98,24.36
1250,2023-06-04,2865.0,26.0,681.0,0.91,23.77
1251,2023-06-05,2865.0,28.0,670.0,0.98,23.39
1252,2023-06-06,2865.0,27.0,669.0,0.94,23.35
1253,2023-06-07,2865.0,27.0,679.0,0.94,23.7
1254,2023-06-08,2865.0,28.0,690.0,0.98,24.08
1255,2023-06-09,2865.0,30.0,682.0,1.05,23.8
1256,2023-06-10,2865.0,40.0,729.0,1.4,25.45
1257,2023-06-11,2865.0,41.0,703.0,1.43,24.54
1258,2023-06-12,2865.0,40.0,706.0,1.4,24.64
1259,2023-06-13,2865.0,43.0,707.0,1.5,24.68
1260,2023-06-14,2865.0,43.0,724.0,1.5,25.27
1261,2023-06-15,2865.0,46.0,737.0,1.61,25.72
1262,2023-06-16,2865.0,42.0,722.0,1.47,25.2
1263,2023-06-17,2865.0,54.0,773.0,1.88,26.98
1264,2023-06-18,2865.0,51.0,770.0,1.78,26.88
1265,2023-06-19,2865.0,51.0,768.0,1.78,26.81
1266,2023-06-20,2865.0,53.0,773.0,1.85,26.98
1267,2023-06-21,2865.0,54.0,772.0,1.88,26.95
1268,2023-06-22,2865.0,55.0,781.0,1.92,27.26
1269,2023-06-23,2865.0,57.0,775.0,1.99,27.05
1270,2023-06-24,2865.0,70.0,856.0,2.44,29.88
1271,2023-06-25,2865.0,68.0,833.0,2.37,29.08
1272,2023-06-26,2865.0,68.0,828.0,2.37,28.9
1273,2023-06-27,2865.0,68.0,824.0,2.37,28.76
1274,2023-06-28,2865.0,69.0,830.0,2.41,28.97
1275,2023-06-29,2865.0,69.0,830.0,2.41,28.97
1276,2023-06-30,2865.0,71.0,746.0,2.48,26.04
1277,2023-07-01,2865.0,82.0,855.0,2.86,29.84
1278,2023-07-02,2865.0,83.0,854.0,2.9,29.81
1279,2023-07-03,2865.0,82.0,855.0,2.86,29.84
1280,2023-07-04,2865.0,86.0,862.0,3.0,30.09
1281,2023-07-05,2865.0,88.0,858.0,3.07,29.95
1282,2023-07-06,2865.0,90.0,861.0,3.14,30.05
1283,2023-07-07,2865.0,87.0,808.0,3.04,28.2
1284,2023-07-08,2865.0,93.0,886.0,3.25,30.92
1285,2023-07-09,2865.0,96.0,894.0,3.35,31.2
1286,2023-07-10,2865.0,94.0,887.0,3.28,30.96
1287,2023-07-11,2865.0,92.0,886.0,3.21,30.92
1288,2023-07-12,2865.0,92.0,883.0,3.21,30.82
1289,2023-07-13,2865.0,90.0,882.0,3.14,30.79
1290,2023-07-14,2865.0,91.0,845.0,3.18,29.49
1291,2023-07-15,2865.0,94.0,929.0,3.28,32.43
1292,2023-07-16,2865.0,95.0,932.0,3.32,32.53
1293,2023-07-17,2865.0,97.0,932.0,3.39,32.53
1294,2023-07-18,2865.0,97.0,925.0,3.39,32.29
1295,2023-07-19,2865.0,96.0,918.0,3.35,32.04
1296,2023-07-20,2865.0,95.0,915.0,3.32,31.94
1297,2023-07-21,2865.0,94.0,875.0,3.28,30.54
1298,2023-07-22,2865.0,124.0,968.0,4.33,33.79
1299,2023-07-23,2865.0,121.0,966.0,4.22,33.72
1300,2023-07-24,2865.0,122.0,974.0,4.26,34.0
1301,2023-07-25,2865.0,121.0,986.0,4.22,34.42
1302,2023-07-26,2865.0,121.0,985.0,4.22,34.38
1303,2023-07-27,2865.0,121.0,979.0,4.22,34.17
1304,2023-07-28,2865.0,120.0,941.0,4.19,32.84
1305,2023-07-29,2865.0,130.0,989.0,4.54,34.52
1306,2023-07-30,2865.0,134.0,995.0,4.68,34.73
1307,2023-07-31,2865.0,134.0,967.0,4.68,33.75
1308,2023-08-01,2865.0,134.0,1005.0,4.68,35.08
1309,2023-08-02,2865.0,135.0,1010.0,4.71,35.25
1310,2023-08-03,2865.0,134.0,1013.0,4.68,35.36
1311,2023-08-04,2865.0,134.0,983.0,4.68,34.31
1312,2023-08-05,2865.0,142.0,1025.0,4.96,35.78
1313,2023-08-06,2865.0,144.0,1040.0,5.03,36.3
1314,2023-08-07,2865.0,143.0,1036.0,4.99,36.16
1315,2023-08-08,2865.0,143.0,1037.0,4.99,36.2
1316,2023-08-09,2865.0,143.0,1037.0,4.99,36.2
1317,2023-08-10,2865.0,143.0,1036.0,4.99,36.16
1318,2023-08-11,2865.0,142.0,984.0,4.96,34.35
1319,2023-08-12,2865.0,131.0,982.0,4.57,34.28
1320,2023-08-13,2865.0,126.0,987.0,4.4,34.45
1321,2023-08-14,2865.0,128.0,983.0,4.47,34.31
1322,2023-08-15,2865.0,128.0,982.0,4.47,34.28
1323,2023-08-16,2865.0,126.0,981.0,4.4,34.24
1324,2023-08-17,2865.0,126.0,980.0,4.4,34.21
1325,2023-08-18,2865.0,126.0,922.0,4.4,32.18
1326,2023-08-19,2865.0,93.0,837.0,3.25,29.21
1327,2023-08-20,2865.0,89.0,819.0,3.11,28.59
1328,2023-08-21,2865.0,88.0,818.0,3.07,28.55
1329,2023-08-22,2865.0,89.0,817.0,3.11,28.52
1330,2023-08-23,2865.0,89.0,821.0,3.11,28.66
1331,2023-08-24,2865.0,89.0,815.0,3.11,28.45
1332,2023-08-25,2865.0,89.0,777.0,3.11,27.12
1333,2023-08-26,2865.0,44.0,658.0,1.54,22.97
1334,2023-08-27,2865.0,44.0,634.0,1.54,22.13
1335,2023-08-28,2865.0,44.0,621.0,1.54,21.68
1336,2023-08-29,2865.0,44.0,611.0,1.54,21.33
1337,2023-08-30,2865.0,44.0,606.0,1.54,21.15
1338,2023-08-31,2865.0,43.0,565.0,1.5,19.72
1339,2023-09-01,2865.0,43.0,574.0,1.5,20.03
1340,2023-09-02,2865.0,22.0,540.0,0.77,18.85
1341,2023-09-03,2865.0,20.0,527.0,0.7,18.39
1342,2023-09-04,2865.0,18.0,523.0,0.63,18.25
1343,2023-09-05,2865.0,17.0,521.0,0.59,18.18
1344,2023-09-06,2865.0,19.0,523.0,0.66,18.25
1345,2023-09-07,2865.0,20.0,531.0,0.7,18.53
1346,2023-09-08,2865.0,20.0,515.0,0.7,17.98
1347,2023-09-09,2865.0,22.0,516.0,0.77,18.01
1348,2023-09-10,2865.0,22.0,507.0,0.77,17.7
1349,2023-09-11,2865.0,21.0,496.0,0.73,17.31
1350,2023-09-12,2865.0,21.0,489.0,0.73,17.07
1351,2023-09-13,2865.0,20.0,494.0,0.7,17.24
1352,2023-09-14,2865.0,20.0,493.0,0.7,17.21
1353,2023-09-15,2865.0,21.0,477.0,0.73,16.65
1354,2023-09-16,2865.0,16.0,487.0,0.56,17.0
1355,2023-09-17,2865.0,14.0,475.0,0.49,16.58
1356,2023-09-18,2865.0,13.0,466.0,0.45,16.27
1357,2023-09-19,2865.0,13.0,469.0,0.45,16.37
1358,2023-09-20,2865.0,12.0,473.0,0.42,16.51
1359,2023-09-21,2865.0,11.0,481.0,0.38,16.79
1360,2023-09-22,2865.0,9.0,458.0,0.31,15.99
1361,2023-09-23,2865.0,8.0,454.0,0.28,15.85
1362,2023-09-24,2865.0,6.0,439.0,0.21,15.32
1363,2023-09-25,2865.0,5.0,423.0,0.17,14.76
1364,2023-09-26,2865.0,6.0,418.0,0.21,14.59
1365,2023-09-27,2865.0,6.0,421.0,0.21,14.69
1366,2023-09-28,2865.0,6.0,426.0,0.21,14.87
1367,2023-09-29,2865.0,6.0,426.0,0.21,14.87
1368,2023-09-30,2865.0,7.0,443.0,0.24,15.46
1369,2023-10-01,2865.0,6.0,450.0,0.21,15.71
1370,2023-10-02,2865.0,4.0,446.0,0.14,15.57
1371,2023-10-03,2865.0,4.0,437.0,0.14,15.25
1372,2023-10-04,2865.0,4.0,439.0,0.14,15.32
1373,2023-10-05,2865.0,4.0,444.0,0.14,15.5
1374,2023-10-06,2865.0,4.0,433.0,0.14,15.11
1375,2023-10-07,2865.0,3.0,425.0,0.1,14.83
1376,2023-10-08,2865.0,3.0,417.0,0.1,14.55
1377,2023-10-09,2865.0,5.0,419.0,0.17,14.62
1378,2023-10-10,2865.0,5.0,412.0,0.17,14.38
1379,2023-10-11,2865.0,5.0,415.0,0.17,14.49
1380,2023-10-12,2865.0,5.0,420.0,0.17,14.66
1381,2023-10-13,2865.0,6.0,398.0,0.21,13.89
1382,2023-10-14,2865.0,8.0,405.0,0.28,14.14
1383,2023-10-15,2865.0,7.0,402.0,0.24,14.03
1384,2023-10-16,2865.0,6.0,399.0,0.21,13.93
1385,2023-10-17,2865.0,5.0,397.0,0.17,13.86
1386,2023-10-18,2865.0,4.0,400.0,0.14,13.96
1387,2023-10-19,2865.0,5.0,397.0,0.17,13.86
1388,2023-10-20,2865.0,5.0,393.0,0.17,13.72
1389,2023-10-21,2865.0,3.0,402.0,0.1,14.03
1390,2023-10-22,2865.0,3.0,400.0,0.1,13.96
1391,2023-10-23,2865.0,4.0,399.0,0.14,13.93
1392,2023-10-24,2865.0,4.0,400.0,0.14,13.96
1393,2023-10-25,2865.0,4.0,398.0,0.14,13.89
1394,2023-10-26,2865.0,4.0,400.0,0.14,13.96
1395,2023-10-27,2865.0,3.0,384.0,0.1,13.4
1396,2023-10-28,2865.0,4.0,415.0,0.14,14.49
1397,2023-10-29,2865.0,3.0,413.0,0.1,14.42
1398,2023-10-30,2865.0,2.0,414.0,0.07,14.45
1399,2023-10-31,2865.0,1.0,421.0,0.03,14.69
1400,2023-11-01,2865.0,1.0,450.0,0.03,15.71
1401,2023-11-02,2865.0,1.0,448.0,0.03,15.64
1402,2023-11-03,2865.0,1.0,439.0,0.03,15.32
1403,2023-11-04,2865.0,0.0,445.0,0.0,15.53
1404,2023-11-05,2865.0,0.0,450.0,0.0,15.71
1405,2023-11-06,2865.0,0.0,454.0,0.0,15.85
1406,2023-11-07,2865.0,0.0,455.0,0.0,15.88
1407,2023-11-08,2865.0,0.0,456.0,0.0,15.92
1408,2023-11-09,2865.0,0.0,458.0,0.0,15.99
1409,2023-11-10,2865.0,0.0,457.0,0.0,15.95
1410,2023-11-11,2865.0,0.0,460.0,0.0,16.06
1411,2023-11-12,2865.0,0.0,462.0,0.0,16.13
1412,2023-11-13,2865.0,0.0,459.0,0.0,16.02
1413,2023-11-14,2865.0,0.0,461.0,0.0,16.09
1414,2023-11-15,2865.0,0.0,458.0,0.0,15.99
1415,2023-11-16,2865.0,0.0,464.0,0.0,16.2
1416,2023-11-17,2865.0,0.0,465.0,0.0,16.23
1417,2023-11-18,2865.0,0.0,481.0,0.0,16.79
1418,2023-11-19,2865.0,0.0,488.0,0.0,17.03
1419,2023-11-20,2865.0,0.0,488.0,0.0,17.03
1420,2023-11-21,2865.0,0.0,493.0,0.0,17.21
1421,2023-11-22,2865.0,0.0,496.0,0.0,17.31
1422,2023-11-23,2865.0,0.0,497.0,0.0,17.35
1423,2023-11-24,2865.0,0.0,481.0,0.0,16.79
1424,2023-11-25,2865.0,0.0,465.0,0.0,16.23
1425,2023-11-26,2865.0,0.0,458.0,0.0,15.99
1426,2023-11-27,2865.0,0.0,455.0,0.0,15.88
1427,2023-11-28,2865.0,0.0,455.0,0.0,15.88
1428,2023-11-29,2865.0,0.0,456.0,0.0,15.92
1429,2023-11-30,2865.0,0.0,452.0,0.0,15.78
1430,2023-12-01,2865.0,0.0,463.0,0.0,16.16
1431,2023-12-02,2865.0,0.0,462.0,0.0,16.13
1432,2023-12-03,2865.0,0.0,461.0,0.0,16.09
1433,2023-12-04,2865.0,0.0,463.0,0.0,16.16
1434,2023-12-05,2865.0,0.0,463.0,0.0,16.16
1435,2023-12-06,2865.0,0.0,463.0,0.0,16.16
1436,2023-12-07,2865.0,0.0,461.0,0.0,16.09
1437,2023-12-08,2865.0,0.0,457.0,0.0,15.95
1438,2023-12-09,2865.0,0.0,457.0,0.0,15.95
1439,2023-12-10,2865.0,0.0,454.0,0.0,15.85
1440,2023-12-11,2865.0,0.0,453.0,0.0,15.81
1441,2023-12-12,2865.0,0.0,455.0,0.0,15.88
1442,2023-12-13,2865.0,0.0,460.0,0.0,16.06
1443,2023-12-14,2865.0,0.0,458.0,0.0,15.99
1444,2023-12-15,2865.0,0.0,454.0,0.0,15.85
1445,2023-12-16,2865.0,0.0,465.0,0.0,16.23
1446,2023-12-17,2865.0,0.0,470.0,0.0,16.4
1447,2023-12-18,2865.0,0.0,480.0,0.0,16.75
1448,2023-12-19,2865.0,0.0,482.0,0.0,16.82
1449,2023-12-20,2865.0,0.0,482.0,0.0,16.82
1450,2023-12-21,2865.0,0.0,485.0,0.0,16.93
1451,2023-12-22,2865.0,0.0,490.0,0.0,17.1
1452,2023-12-23,2865.0,5.0,516.0,0.17,18.01
1453,2023-12-24,2865.0,5.0,523.0,0.17,18.25
1454,2023-12-25,2865.0,6.0,523.0,0.21,18.25
1455,2023-12-26,2865.0,6.0,535.0,0.21,18.67
1456,2023-12-27,2865.0,7.0,536.0,0.24,18.71
1457,2023-12-28,2865.0,7.0,537.0,0.24,18.74
1458,2023-12-29,2865.0,8.0,534.0,0.28,18.64
1459,2023-12-30,2865.0,4.0,468.0,0.14,16.34
1460,2023-12-31,2865.0,4.0,221.0,0.14,7.71
